BEGIN TRANSACTION;
CREATE TABLE IF NOT EXISTS "user" (
	"id"	INTEGER,
	"is_group"	INTEGER NOT NULL CHECK("is_group" = 0 OR "is_group" = 1),
	"name"	TEXT NOT NULL,
	"screen_name"	TEXT NOT NULL,
	PRIMARY KEY("id")
);
CREATE TABLE IF NOT EXISTS "post" (
	"id"	INTEGER,
	"user_id"	INTEGER NOT NULL,
	"time"	TEXT NOT NULL,
	PRIMARY KEY("id")
);
CREATE TABLE IF NOT EXISTS "hash_tag" (
	"post_hash_id"	INTEGER,
	"post_id"	INTEGER NOT NULL,
	"tag"	TEXT NOT NULL,
	"user_id"	INTEGER NOT NULL,
	PRIMARY KEY("post_hash_id" AUTOINCREMENT)
);
INSERT INTO "user" ("id","is_group","name","screen_name") VALUES (658627,0,'Svetlana Sobolevskaya','sobolixaxa'),
 (41353389,1,'ShiDashi''s blog','publicdipriany'),
 (52499663,1,'❀한국말 스터디 페이지❀','home_school'),
 (57212002,1,'рисовый пирожочек','mykoreanblog28'),
 (64636104,0,'Antonina Zakruzhetska','id64636104'),
 (79012646,1,'More Brainless Tales ~ 멍청한 이야기들 ~ Jeira''s blog','jeitii'),
 (100326860,1,'Hola Hola | Going up','holaholagoingup'),
 (102738401,1,'LANGUAGE Tatiana','public_language'),
 (116493485,1,'내 마음의 추억들이 보관하는 곳','nae_maeum'),
 (117144631,1,'The Secret Diary of a Polyglot','polyglot_diary'),
 (121655298,1,'Crazy Polyglot Notes | Записки сумасшедшего поли','club121655298'),
 (122632537,1,'Hope Blossom | 희망의 꽃','hopeblossom'),
 (123291203,1,'тайские тайны и корейские козни','topikchunbi'),
 (126531072,1,'Языковой дневник начинающего полиглота','monpetitclubdelangue'),
 (126560671,1,'WinterSleep','winter.sleep'),
 (128273158,1,'Wonderful language world','wolangworld'),
 (134647678,1,'Kabertine''s language diary','jumpthefence'),
 (135010378,1,'고생 끝에 낙이 온다 / Asian study blog','club135010378'),
 (135202265,1,'Практика изучения иностранных языков','langpractice'),
 (136722257,1,'Language Kung Fu','language_kung_fu'),
 (140058046,1,'libertà','hevipa_liberta'),
 (145846646,1,'Путь в никуда из ниоткуда','club145846646'),
 (147383910,1,'Linguae | Лингвистика и филология','linguaehobbitique'),
 (148179066,1,'ханджан машильккаё','koreponsky'),
 (151798666,1,'Тетрадь','club151798666'),
 (153698964,1,'Пока жареный петух не клюнет, илисрочноучимязыки','simplelanguages'),
 (154374270,1,'Notatki szalonego ogórka','club154374270'),
 (154690254,1,'Moi et mes langues','club154690254'),
 (155110240,1,'NOT FOUND','NOT FOUND'),
 (157799012,1,'language challenges','club157799012'),
 (157827597,1,'too many words to remember','toomanywordstoremember'),
 (160116958,1,'языковая беседка','club160116958'),
 (160292482,1,'studyPRO asian/ study.blog 한국어, 汉语, 日本語','study_proasian'),
 (163946960,1,'MY LANGUAGES','my.languages'),
 (164710476,1,'케이트 씨 vs #корейский','keiteussi'),
 (166228260,1,'Журналы и книги на корейском и о Корее','club166228260'),
 (170004134,1,'Dyonoori''s secret life ;)','dyonoori_sl'),
 (170751728,1,'Language Diary','language_diary'),
 (171993067,1,'머리 조심 ･ life diary','morichushim'),
 (172222781,1,'サボる빵屋 | проебулочная.','saboruppan'),
 (172832130,1,'Simply into Mordor','simplymordor'),
 (172961692,1,'My big little life','mybiglittlelife'),
 (174410986,1,'learning is a gift','learningwlove'),
 (175092537,1,'Уголок корейцев','tar_ho'),
 (176088054,1,'maybe later','club176088054'),
 (176274365,1,'Ученье - мур, а неученье - тьмя','club176274365'),
 (176692851,1,'Языковые будни | Читательский дневник','inyaz_budni'),
 (178142840,1,'Героизм лингвистический обыкновенный','nejenjazyky'),
 (178478900,1,'привет, мне 한국어 нравится','zdarova_mnekoreannrav'),
 (181195799,1,'Rushing yakuza 日本語// 恐ロシア','rushing_yakuza'),
 (182087795,1,'Языковая депрессия | 언어 우울증 | TOPIK','langsion'),
 (183616934,1,'estoy enamorada de la vida | языки&осознанность','ee.delavida'),
 (183985304,1,'Myxomop Station | языковые хроники','myxomop_station'),
 (184098184,1,'розовый шум','iwillsueyouminyoongi'),
 (184586551,1,'Aprendiendo','club184586551'),
 (184930530,1,'Ça marche !','ca_marche'),
 (185746785,1,'taste of life ¦¦ gfriend','club185746785'),
 (185990952,1,'Knight of pen and paper','club185990952'),
 (186570628,1,'Хроники абудефдуфа','psycho_the_linguist'),
 (186650950,1,'"Лингвоподвиги" Богини прокрастинации','club186650950'),
 (188100367,1,'К-쌤','k_ssaem'),
 (188353878,1,'TheLanguageTreeHouse','club188353878'),
 (188953590,1,'Безумный вампиреныш учит языки','club188953590'),
 (188985234,1,'a cup of latte  ◕‿◕','acupoflatte'),
 (189200969,1,'Настоящий воин никогда не бросает начатое (с)','club189200969'),
 (189350915,1,'Cwtsh a threigladau: здесь живет валлийский','cwtshathreigladau'),
 (190623779,1,'努力学习','club190623779'),
 (190923273,1,'Le mie lingue preferite','club190923273'),
 (191293542,1,'смотрю на юнги','niyaya'),
 (191643907,1,'Rina no Nihongo ♡ リナの日本語','kimchinokimochi'),
 (191831148,1,'Пытаюсь учиться и не только','club191831148'),
 (192208619,1,'단어를 씹어먹는 책벌레','club192208619'),
 (192351766,1,'하면 된다','hamen_i_vso_poluchitsa'),
 (192888577,1,'모두가 달리는데 왜 나만 여깄지?//корейский и прочие страдания','mtwae'),
 (193128098,1,'лангуаге диспэйр','vesnnj'),
 (194094922,1,'fallible creatures','falliblecreatures'),
 (195593698,1,'Корейский Хлебушек','club195593698'),
 (195633322,1,'Studyholic Diary','studyholic_diary'),
 (195892557,1,'Улыбнись языкам!','smilelang'),
 (196133581,1,'А.rennt','club196133581'),
 (196448714,1,'시조 в три строки  study blog','nesshome'),
 (196480810,1,'すみれの日記','sumirenonikki'),
 (196746460,1,'Was ist los?..','was_ist_los_blog'),
 (196747649,1,'Луч любопытства','beam_of_curiosity'),
 (197094408,1,'Несколько возможностей использования освещения','howtosavealight'),
 (197237999,1,'Пополняемся','club197237999'),
 (197302064,1,'한국말을 가르치자~ Teach Korean like a Pro!','teachkorean'),
 (197598438,1,'딸기맛 공부 | Leen''s notes','ttalgigajua'),
 (197779423,1,'Искусство Кореи','korean_art_diary'),
 (198388526,1,'Calico''s house | 열심히 공부하자','calicoshouse7'),
 (198471639,1,'домик фейри','hazel_forest'),
 (198484748,1,'бесконечный автобус.','theendlessbus'),
 (198496465,1,'我是谁 // языки','woshishei'),
 (198525192,1,'Суп с котом или Kat in the SOOP :D','katinthesoop'),
 (198716246,1,'блог бесталанного математика | english | korean|','clubmathslanguage'),
 (198935420,1,'한국어에 집착','club198935420'),
 (198944960,1,'Svetlaya___italia','club198944960'),
 (199009758,1,'Struggling diary','ihatereading'),
 (199035145,1,'One by One','studyonebyone'),
 (199083318,1,'Felix Felicis','felix_linguicis'),
 (199603398,1,'『옆집 빵집』  соседняя японская булошная','club199603398'),
 (200234031,1,'열공 / with me  ^ㅅ^','club200234031'),
 (200332300,1,'борюсь с плохой памятью || 영어 한국어 || study blog','illsumy'),
 (200721474,1,'Красиво страдаем над корейским...вместе??','club_korea_mama'),
 (200750282,1,'Лингвистический психоз 한국어 日本語','akanechallenge'),
 (200821078,1,'YY 한국어','club200821078'),
 (201290100,1,'Больше, чем могу себе позволить','club201290100'),
 (201335580,1,'Что-то на корейском','club201335580'),
 (201338741,1,'한국어 공부를 같이 하자/Учим корейский вместе/study with m','study_korean_with_me'),
 (201505809,1,'поучу-ка я корейский','jkrenglish'),
 (201508629,1,'勉強하다','club201508629'),
 (201513094,1,'끝없이 항해 • endless voyage','endlessvoyage'),
 (201522682,1,'Little Yui study with luv','little_yui_ice_bear'),
 (201524013,1,'El Gato Naranja','el_gato_naranja'),
 (201536421,1,'KORenCH','k0rench'),
 (201558580,1,'Чытаю пад настрой','club201558580'),
 (201579378,1,'〜Reading Log〜','club201579378'),
 (201598594,1,'letters to kumamon','ilovekumamon'),
 (201601730,1,'한국어 배우기*책 읽기','club201601730'),
 (201610143,1,'Measol | Diary and Korean learning','measol_an'),
 (201617494,1,'что то корейского захотелось','khochy'),
 (201825482,1,'Diary for progress','club201825482'),
 (203570544,1,'Neuanfang','club203570544'),
 (204830766,1,'Французский язык','ffrrance'),
 (209779350,1,'How deep does the rabbit hole go?','deepestrabbithole'),
 (606409945,0,'알수 가','alsu_2020');
INSERT INTO "post" ("id","user_id","time") VALUES (1,209779350,'2021-12-26 14:25:52'),
 (2,201825482,'2021-01-14 10:09:00'),
 (3,201579378,'2021-01-11 04:37:45'),
 (4,201522682,'2021-01-12 06:05:33'),
 (5,201579378,'2021-01-18 16:11:41'),
 (6,201579378,'2021-01-27 03:19:02'),
 (7,606409945,'2021-01-24 16:35:15'),
 (8,201601730,'2021-02-14 16:02:51'),
 (9,201601730,'2021-02-28 19:26:11'),
 (10,203570544,'2021-05-04 17:36:17'),
 (11,606409945,'2021-02-28 22:31:47'),
 (12,606409945,'2021-03-07 21:45:40'),
 (13,201610143,'2021-03-16 22:40:50'),
 (14,201610143,'2021-03-22 08:20:50'),
 (15,201610143,'2021-03-31 08:21:01'),
 (16,606409945,'2021-03-28 21:14:06'),
 (17,201610143,'2021-07-21 11:08:16'),
 (18,606409945,'2021-04-18 18:34:33'),
 (19,201558580,'2021-03-21 23:50:12'),
 (20,606409945,'2021-04-25 16:41:45'),
 (21,606409945,'2021-05-02 20:14:32'),
 (22,606409945,'2021-05-09 12:17:24'),
 (23,201610143,'2021-09-21 01:34:57'),
 (24,201610143,'2021-09-21 01:59:29'),
 (25,606409945,'2021-06-06 23:51:18'),
 (26,606409945,'2021-06-20 23:18:38'),
 (27,606409945,'2021-12-13 17:49:31'),
 (28,606409945,'2021-12-13 18:10:36'),
 (29,606409945,'2021-12-19 23:01:58'),
 (30,197779423,'2021-01-25 01:30:26'),
 (31,201598594,'2021-03-21 23:26:51'),
 (32,198716246,'2021-01-18 17:00:09'),
 (33,197779423,'2021-02-01 01:38:41'),
 (34,197237999,'2021-02-09 23:41:12'),
 (35,201598594,'2021-03-28 23:25:48'),
 (36,201598594,'2021-04-04 23:08:16'),
 (37,197779423,'2021-02-15 10:13:06'),
 (38,201598594,'2021-04-11 23:26:40'),
 (39,201536421,'2021-07-06 01:26:49'),
 (40,201598594,'2021-04-25 23:14:14'),
 (41,201617494,'2021-02-08 10:54:01'),
 (42,197779423,'2021-12-13 00:13:02'),
 (43,197779423,'2021-12-18 21:00:01'),
 (44,201617494,'2021-02-19 16:03:42'),
 (45,201524013,'2021-02-08 01:21:11'),
 (46,197779423,'2021-12-25 23:59:00'),
 (47,200721474,'2021-01-05 08:30:01'),
 (49,201524013,'2021-02-15 19:41:44'),
 (50,197302064,'2021-01-03 13:22:02'),
 (51,201524013,'2021-02-21 01:37:04'),
 (55,201505809,'2021-03-13 13:45:50'),
 (56,201505809,'2021-03-14 15:25:25'),
 (58,197302064,'2021-01-19 07:59:46'),
 (59,201524013,'2021-03-06 19:30:33'),
 (61,200721474,'2021-03-02 23:54:53'),
 (62,201524013,'2021-03-14 17:39:52'),
 (63,201505809,'2021-04-19 00:40:12'),
 (64,201505809,'2021-04-19 21:48:23'),
 (65,136722257,'2021-01-17 22:44:19'),
 (66,201505809,'2021-04-20 22:44:57'),
 (67,201524013,'2021-03-21 20:25:28'),
 (68,201505809,'2021-04-22 02:32:44'),
 (69,201513094,'2021-02-26 23:43:52'),
 (70,201505809,'2021-04-22 19:23:45'),
 (71,201505809,'2021-04-24 23:40:41'),
 (72,199603398,'2021-01-02 13:49:00'),
 (73,201505809,'2021-04-26 17:50:22'),
 (74,184586551,'2021-02-14 11:27:09'),
 (75,201505809,'2021-04-28 00:34:49'),
 (76,201505809,'2021-04-29 00:59:36'),
 (77,201505809,'2021-04-30 01:19:14'),
 (78,201513094,'2021-03-08 22:41:49'),
 (79,201505809,'2021-04-30 20:06:18'),
 (80,184586551,'2021-07-23 13:52:33'),
 (82,201505809,'2021-05-03 00:05:28'),
 (84,201505809,'2021-05-11 02:47:37'),
 (85,201505809,'2021-05-17 00:44:14'),
 (87,201505809,'2021-05-23 15:00:54'),
 (88,201524013,'2021-04-25 17:52:54'),
 (89,201505809,'2021-09-27 01:57:44'),
 (90,201524013,'2021-05-03 10:23:05'),
 (91,116493485,'2021-01-10 16:35:54'),
 (92,201524013,'2021-05-09 16:08:23'),
 (93,201513094,'2021-03-17 21:29:13'),
 (94,201524013,'2021-05-16 12:51:11'),
 (95,136722257,'2021-02-09 12:39:15'),
 (96,136722257,'2021-02-15 01:39:42'),
 (97,201524013,'2021-05-24 22:58:51'),
 (98,160116958,'2021-02-07 19:54:42'),
 (99,201513094,'2021-03-23 13:28:22'),
 (100,136722257,'2021-02-22 01:42:27'),
 (101,201524013,'2021-05-30 19:52:46'),
 (103,170004134,'2021-01-17 16:59:54'),
 (105,201513094,'2021-03-31 22:43:34'),
 (106,170004134,'2021-01-25 19:17:12'),
 (107,201524013,'2021-06-06 16:55:15'),
 (109,170004134,'2021-01-26 18:44:22'),
 (110,170004134,'2021-01-29 10:07:35'),
 (111,188353878,'2021-03-10 09:01:40'),
 (112,176088054,'2021-01-10 23:18:59'),
 (113,201513094,'2021-04-05 19:49:15'),
 (114,170004134,'2021-02-07 19:47:42'),
 (115,201524013,'2021-06-13 14:25:44'),
 (116,170004134,'2021-02-14 18:24:49'),
 (117,170004134,'2021-02-22 12:23:18'),
 (118,170004134,'2021-03-11 10:17:32'),
 (119,170004134,'2021-03-14 22:20:14'),
 (120,170004134,'2021-03-21 18:49:42'),
 (121,170004134,'2021-03-28 16:02:13'),
 (122,170004134,'2021-04-01 17:42:35'),
 (123,170004134,'2021-04-05 06:58:48'),
 (124,188353878,'2021-03-14 16:23:39'),
 (125,170004134,'2021-04-18 20:18:57'),
 (126,170004134,'2021-04-25 21:32:13'),
 (128,170004134,'2021-05-01 21:42:38'),
 (129,170004134,'2021-05-01 21:46:05'),
 (130,136722257,'2021-03-15 15:17:19'),
 (131,170004134,'2021-05-09 17:47:41'),
 (133,136722257,'2021-03-21 23:52:40'),
 (135,170004134,'2021-05-16 17:55:00'),
 (136,136722257,'2021-03-25 15:20:19'),
 (137,201524013,'2021-06-20 14:58:47'),
 (138,170004134,'2021-05-31 07:50:10'),
 (139,136722257,'2021-03-29 18:42:56'),
 (140,170004134,'2021-06-02 09:19:50'),
 (141,170004134,'2021-06-06 18:51:00'),
 (142,192888577,'2021-01-09 15:46:17'),
 (143,122632537,'2021-01-25 06:49:26'),
 (144,122632537,'2021-01-27 09:29:33'),
 (145,170004134,'2021-06-13 19:05:00'),
 (146,122632537,'2021-03-02 04:11:52'),
 (147,170004134,'2021-06-20 18:47:00'),
 (148,122632537,'2021-03-06 18:32:27'),
 (149,170004134,'2021-06-27 17:54:01'),
 (150,122632537,'2021-03-15 14:05:55'),
 (151,201524013,'2021-06-27 15:12:55'),
 (152,192888577,'2021-01-26 22:49:01'),
 (153,170004134,'2021-07-01 07:52:12'),
 (154,170004134,'2021-07-04 18:46:00'),
 (155,201524013,'2021-07-04 16:53:53'),
 (156,170004134,'2021-07-11 17:58:00'),
 (157,201524013,'2021-07-11 17:52:53'),
 (158,122632537,'2021-05-04 06:29:16'),
 (159,201524013,'2021-07-19 18:52:34'),
 (161,201524013,'2021-07-27 00:06:07'),
 (162,122632537,'2021-05-16 06:50:18'),
 (163,170004134,'2021-08-01 19:05:00'),
 (164,170004134,'2021-09-03 06:12:26'),
 (165,122632537,'2021-06-08 18:25:10'),
 (166,170004134,'2021-09-12 17:57:00'),
 (167,170004134,'2021-12-11 12:34:51'),
 (168,201524013,'2021-08-01 17:38:32'),
 (169,192888577,'2021-07-26 22:59:07'),
 (170,122632537,'2021-06-29 18:14:34'),
 (171,122632537,'2021-07-01 20:17:04'),
 (172,151798666,'2021-02-04 21:50:14'),
 (173,122632537,'2021-07-02 18:27:09'),
 (174,122632537,'2021-07-10 18:52:51'),
 (175,122632537,'2021-07-11 18:23:24'),
 (176,201524013,'2021-08-08 14:53:23'),
 (178,201524013,'2021-08-15 18:50:13'),
 (179,201524013,'2021-08-24 20:21:17'),
 (180,183616934,'2021-01-24 21:29:22'),
 (184,191293542,'2021-01-26 23:56:58'),
 (186,183616934,'2021-01-26 19:07:42'),
 (188,201524013,'2021-09-13 20:44:33'),
 (189,122632537,'2021-09-09 07:13:07'),
 (190,201524013,'2021-09-20 18:14:03'),
 (191,136722257,'2021-10-19 23:21:35'),
 (192,122632537,'2021-09-29 05:31:20'),
 (193,136722257,'2021-11-01 23:02:14'),
 (194,136722257,'2021-11-08 15:36:13'),
 (195,198944960,'2021-01-06 16:44:24'),
 (196,122632537,'2021-11-04 12:50:02'),
 (197,122632537,'2021-12-06 06:10:02'),
 (199,192351766,'2021-02-02 13:50:40'),
 (200,196480810,'2021-01-05 16:29:22'),
 (202,201513094,'2021-08-16 21:38:32'),
 (203,196480810,'2021-01-09 10:15:04'),
 (204,201513094,'2021-08-17 21:02:06'),
 (205,192351766,'2021-02-09 13:27:20'),
 (207,192351766,'2021-02-15 12:46:07'),
 (209,197094408,'2021-01-10 13:46:36'),
 (210,192351766,'2021-02-24 20:30:29'),
 (212,192351766,'2021-03-03 11:53:22'),
 (214,192351766,'2021-03-04 21:05:00'),
 (215,201524013,'2021-10-19 22:02:48'),
 (216,192351766,'2021-03-10 12:27:00'),
 (217,201513094,'2021-08-23 20:44:14'),
 (218,192351766,'2021-03-14 22:50:32'),
 (219,201513094,'2021-08-28 14:44:23'),
 (220,196480810,'2021-01-17 17:57:34'),
 (221,192351766,'2021-03-22 19:42:15'),
 (226,192351766,'2021-03-30 13:08:43'),
 (228,192351766,'2021-04-06 23:22:57'),
 (230,192351766,'2021-04-15 11:30:22'),
 (231,192351766,'2021-04-22 18:59:07'),
 (232,201513094,'2021-09-26 17:21:55'),
 (233,192351766,'2021-04-30 01:01:29'),
 (234,191293542,'2021-03-08 00:23:12'),
 (236,183616934,'2021-02-20 17:01:06'),
 (240,197094408,'2021-02-07 19:09:03'),
 (241,191293542,'2021-03-21 22:54:49'),
 (242,145846646,'2021-01-24 19:20:51'),
 (243,145846646,'2021-01-31 16:32:15'),
 (244,198944960,'2021-02-07 22:35:42'),
 (245,145846646,'2021-02-14 23:02:25'),
 (246,145846646,'2021-02-22 18:40:26'),
 (248,145846646,'2021-02-27 22:40:05'),
 (249,145846646,'2021-03-07 21:14:46'),
 (250,145846646,'2021-03-14 22:56:11'),
 (251,145846646,'2021-03-22 00:00:49'),
 (252,145846646,'2021-03-31 22:09:04'),
 (253,145846646,'2021-04-07 23:17:43'),
 (254,145846646,'2021-05-02 23:17:52'),
 (255,145846646,'2021-05-10 21:06:55'),
 (256,145846646,'2021-05-18 23:20:43'),
 (257,145846646,'2021-05-29 20:56:47'),
 (258,145846646,'2021-05-29 20:58:28'),
 (259,197094408,'2021-02-21 20:59:07'),
 (261,200332300,'2021-02-27 18:15:00'),
 (263,198944960,'2021-02-14 17:26:56'),
 (265,196480810,'2021-02-02 03:05:47'),
 (266,196480810,'2021-02-02 08:26:14'),
 (267,198944960,'2021-02-22 16:30:08'),
 (274,197094408,'2021-02-28 11:51:12'),
 (276,198944960,'2021-02-28 20:08:20'),
 (278,200332300,'2021-03-08 15:00:10'),
 (281,198935420,'2021-01-05 15:42:38'),
 (282,196480810,'2021-02-14 06:44:34'),
 (283,198944960,'2021-03-08 20:24:01'),
 (284,199083318,'2021-05-09 21:17:24'),
 (289,198935420,'2021-01-06 19:49:21'),
 (291,199083318,'2021-05-16 19:16:36'),
 (292,198935420,'2021-01-07 19:34:06'),
 (293,198944960,'2021-03-21 21:32:33'),
 (294,196480810,'2021-02-24 10:39:27'),
 (298,196480810,'2021-02-28 09:35:14'),
 (299,197094408,'2021-03-07 16:38:28'),
 (300,196480810,'2021-03-05 15:51:42'),
 (301,172222781,'2021-01-05 21:07:13'),
 (302,198935420,'2021-01-10 10:38:01'),
 (303,196480810,'2021-03-06 14:24:29'),
 (304,198944960,'2021-04-04 19:37:36'),
 (305,198935420,'2021-01-10 16:07:18'),
 (306,172832130,'2021-01-02 01:27:36'),
 (309,172222781,'2021-01-06 22:33:55'),
 (310,198944960,'2021-04-11 20:19:34'),
 (311,198935420,'2021-01-11 14:14:00'),
 (312,172222781,'2021-01-10 21:25:20'),
 (313,196480810,'2021-03-14 16:26:00'),
 (314,196480810,'2021-03-21 10:55:08'),
 (316,198388526,'2021-01-01 20:13:00'),
 (318,198944960,'2021-04-25 21:19:43'),
 (319,184930530,'2021-01-11 21:52:26'),
 (320,197094408,'2021-03-14 15:47:05'),
 (321,198935420,'2021-01-12 21:11:42'),
 (322,195892557,'2021-08-10 22:59:36'),
 (323,184930530,'2021-02-01 20:53:29'),
 (324,196480810,'2021-03-28 06:21:55'),
 (325,196480810,'2021-04-04 12:52:45'),
 (326,195892557,'2021-08-11 23:49:52'),
 (327,185746785,'2021-03-01 17:28:48'),
 (328,185746785,'2021-03-08 07:25:17'),
 (329,198944960,'2021-05-09 21:26:09'),
 (330,196480810,'2021-04-11 06:51:42'),
 (331,185746785,'2021-03-29 06:35:57'),
 (332,185746785,'2021-04-05 19:18:29'),
 (333,185746785,'2021-04-13 11:25:53'),
 (334,185746785,'2021-04-19 01:55:08'),
 (335,185746785,'2021-04-25 18:15:38'),
 (336,198944960,'2021-05-16 19:16:29'),
 (337,185746785,'2021-05-16 20:56:07'),
 (338,185746785,'2021-05-30 22:39:28'),
 (339,196480810,'2021-04-20 15:48:50'),
 (340,196480810,'2021-04-20 18:18:51'),
 (341,196480810,'2021-04-24 16:27:25'),
 (342,196480810,'2021-04-25 05:52:49'),
 (343,196480810,'2021-05-16 15:51:22'),
 (344,172832130,'2021-04-25 19:30:09'),
 (345,172832130,'2021-05-02 20:37:57'),
 (346,198944960,'2021-05-23 20:36:30'),
 (347,172832130,'2021-05-16 17:22:51'),
 (348,198935420,'2021-01-20 22:13:17'),
 (349,195892557,'2021-08-26 15:57:16'),
 (350,198944960,'2021-05-30 19:26:21'),
 (351,198388526,'2021-01-07 15:10:14'),
 (352,198935420,'2021-01-23 19:17:52'),
 (354,172832130,'2021-05-30 17:08:07'),
 (355,198388526,'2021-01-10 21:40:22'),
 (356,172832130,'2021-06-06 13:34:18'),
 (357,172832130,'2021-06-13 10:07:32'),
 (358,172832130,'2021-06-20 09:30:02'),
 (359,172832130,'2021-06-27 09:45:09'),
 (360,172832130,'2021-07-04 22:05:56'),
 (361,172832130,'2021-07-12 00:50:35'),
 (362,172832130,'2021-07-18 13:59:42'),
 (363,172832130,'2021-07-25 22:51:36'),
 (364,172832130,'2021-08-01 22:28:52'),
 (365,198944960,'2021-06-14 08:42:05'),
 (366,197094408,'2021-04-18 11:37:19'),
 (368,198935420,'2021-01-28 19:42:36'),
 (369,196480810,'2021-06-27 12:57:58'),
 (370,171993067,'2021-01-10 21:35:55'),
 (371,198388526,'2021-01-25 15:13:25'),
 (375,196747649,'2021-01-17 22:30:16'),
 (377,198935420,'2021-01-31 19:24:08'),
 (378,198935420,'2021-02-01 13:18:16'),
 (379,197094408,'2021-04-25 14:23:26'),
 (380,176274365,'2021-01-17 22:33:08'),
 (381,198944960,'2021-06-20 19:40:22'),
 (382,198935420,'2021-02-03 21:06:21'),
 (385,196480810,'2021-07-18 06:45:05'),
 (386,171993067,'2021-01-18 16:07:51'),
 (388,126560671,'2021-01-04 15:47:02'),
 (389,126560671,'2021-01-07 23:39:55'),
 (390,198935420,'2021-02-05 10:49:17'),
 (392,126560671,'2021-01-21 20:43:15'),
 (393,176274365,'2021-02-01 00:03:53'),
 (394,198935420,'2021-02-06 12:32:55'),
 (395,196747649,'2021-02-07 19:51:01'),
 (396,176274365,'2021-02-07 21:06:47'),
 (399,157799012,'2021-01-18 17:50:51'),
 (400,198944960,'2021-06-27 18:51:17'),
 (401,176274365,'2021-02-15 00:30:10'),
 (404,196747649,'2021-02-14 22:55:27'),
 (405,176274365,'2021-02-21 22:43:48'),
 (409,196480810,'2021-07-25 14:15:50'),
 (410,198935420,'2021-02-10 14:32:00'),
 (411,198388526,'2021-02-01 14:14:45'),
 (412,198935420,'2021-02-10 21:44:17'),
 (413,197094408,'2021-05-02 14:53:04'),
 (414,196480810,'2021-08-01 06:07:37'),
 (415,198944960,'2021-07-05 06:04:00'),
 (416,157799012,'2021-03-01 01:13:20'),
 (417,200332300,'2021-04-11 17:49:00'),
 (422,196480810,'2021-08-09 05:39:14'),
 (424,157799012,'2021-03-13 01:25:24'),
 (427,196480810,'2021-08-15 05:52:20'),
 (428,171993067,'2021-06-16 15:15:55'),
 (429,183616934,'2021-06-16 18:27:27'),
 (430,198935420,'2021-02-15 16:57:22'),
 (431,196480810,'2021-08-22 06:36:46'),
 (432,198935420,'2021-02-17 13:55:30'),
 (433,171993067,'2021-06-23 13:05:17'),
 (434,197094408,'2021-05-17 22:02:45'),
 (435,198944960,'2021-07-11 20:21:03'),
 (436,176274365,'2021-04-05 12:18:59'),
 (437,176274365,'2021-04-12 18:25:27'),
 (438,176274365,'2021-04-20 18:18:16'),
 (439,176274365,'2021-04-26 18:47:12'),
 (441,176274365,'2021-05-03 23:14:49'),
 (442,176274365,'2021-05-11 17:19:02'),
 (444,176274365,'2021-05-17 16:37:17'),
 (445,198935420,'2021-02-24 16:54:31'),
 (446,176274365,'2021-05-27 11:24:21'),
 (448,198935420,'2021-02-28 13:06:44'),
 (449,176274365,'2021-06-02 23:44:00'),
 (450,198935420,'2021-02-28 19:51:11'),
 (453,176274365,'2021-06-10 13:54:07'),
 (454,196480810,'2021-09-09 10:26:16'),
 (455,176274365,'2021-06-18 00:28:23'),
 (456,196480810,'2021-09-11 16:37:50'),
 (458,198935420,'2021-03-01 14:19:34'),
 (459,176274365,'2021-07-02 13:19:12'),
 (460,197094408,'2021-05-23 19:35:23'),
 (461,176274365,'2021-07-10 21:13:59'),
 (462,176274365,'2021-07-15 00:05:17'),
 (463,198935420,'2021-03-03 22:22:48'),
 (464,196480810,'2021-09-26 04:43:01'),
 (466,176274365,'2021-07-24 00:24:28'),
 (467,196747649,'2021-03-21 21:51:11'),
 (472,176274365,'2021-07-31 23:50:06'),
 (474,176274365,'2021-08-07 18:54:46'),
 (475,196480810,'2021-10-03 16:39:27'),
 (476,196480810,'2021-10-09 12:53:01'),
 (477,198935420,'2021-03-06 12:46:51'),
 (478,198935420,'2021-03-07 12:21:11'),
 (479,176274365,'2021-08-14 00:30:48'),
 (482,198935420,'2021-03-08 12:53:21'),
 (483,176274365,'2021-08-21 15:25:33'),
 (484,196480810,'2021-10-17 15:06:16'),
 (485,196480810,'2021-10-24 12:58:03'),
 (486,176274365,'2021-08-27 15:28:36'),
 (487,196480810,'2021-10-31 07:16:18'),
 (488,194094922,'2021-01-12 15:39:58'),
 (491,176274365,'2021-09-04 00:18:37'),
 (492,176274365,'2021-09-11 00:11:51'),
 (493,176274365,'2021-09-21 00:18:25'),
 (494,197598438,'2021-01-02 18:17:29'),
 (495,196480810,'2021-11-07 14:17:00'),
 (496,196480810,'2021-11-14 10:49:47'),
 (497,176274365,'2021-10-02 00:02:56'),
 (498,194094922,'2021-01-15 20:43:17'),
 (499,196480810,'2021-11-28 15:53:43'),
 (500,176274365,'2021-10-19 00:38:24'),
 (501,176274365,'2021-10-28 23:32:47'),
 (502,176274365,'2021-11-04 00:48:21'),
 (503,176274365,'2021-11-12 17:50:36'),
 (504,176274365,'2021-11-18 01:04:28'),
 (505,194094922,'2021-01-26 17:43:42'),
 (511,194094922,'2021-01-28 17:35:22'),
 (512,176274365,'2021-11-26 17:23:58'),
 (514,176274365,'2021-12-02 19:08:44'),
 (515,196480810,'2021-12-05 07:52:53'),
 (516,198935420,'2021-03-16 11:10:19'),
 (517,198935420,'2021-03-17 13:11:00'),
 (518,176274365,'2021-12-07 17:31:44'),
 (519,176274365,'2021-12-17 17:14:22'),
 (520,176274365,'2021-12-22 17:12:25'),
 (521,198944960,'2021-08-08 21:26:30'),
 (523,198935420,'2021-03-20 20:02:03'),
 (527,198935420,'2021-03-23 16:31:00'),
 (528,196480810,'2021-12-26 17:27:14'),
 (529,197094408,'2021-06-28 00:39:45'),
 (530,198935420,'2021-03-28 12:31:00'),
 (531,197094408,'2021-07-03 21:36:04'),
 (534,198944960,'2021-08-15 20:56:14'),
 (536,198935420,'2021-03-30 14:37:25'),
 (537,198935420,'2021-04-03 13:22:41'),
 (538,197598438,'2021-01-31 19:59:23'),
 (542,194094922,'2021-02-03 12:39:59'),
 (544,197598438,'2021-02-07 18:29:44'),
 (546,198935420,'2021-04-04 14:06:55'),
 (547,198935420,'2021-04-04 17:44:39'),
 (549,198944960,'2021-08-22 20:14:13'),
 (551,198935420,'2021-04-06 14:37:51'),
 (553,194094922,'2021-02-06 18:22:04'),
 (554,194094922,'2021-02-06 18:30:44'),
 (555,197094408,'2021-07-18 13:51:20'),
 (557,197598438,'2021-02-14 15:09:00'),
 (561,198935420,'2021-04-11 15:24:49'),
 (562,194094922,'2021-02-10 09:40:22'),
 (566,198935420,'2021-04-12 11:09:36'),
 (567,194094922,'2021-02-12 14:53:53'),
 (568,198935420,'2021-04-13 16:16:38'),
 (569,200332300,'2021-05-09 19:15:00'),
 (570,198944960,'2021-08-29 21:23:15'),
 (571,194094922,'2021-02-14 16:42:38'),
 (578,194094922,'2021-02-17 09:28:59'),
 (579,197094408,'2021-07-25 08:24:56'),
 (580,198935420,'2021-04-15 18:47:05'),
 (582,198935420,'2021-04-17 15:03:05'),
 (587,198944960,'2021-09-05 20:07:18'),
 (589,194094922,'2021-02-21 15:48:44'),
 (590,197598438,'2021-02-28 19:27:06'),
 (591,198935420,'2021-04-18 13:00:08'),
 (593,190923273,'2021-01-11 01:27:25'),
 (594,194094922,'2021-02-23 13:45:33'),
 (596,198935420,'2021-04-19 13:52:15'),
 (599,198944960,'2021-09-12 21:22:09'),
 (600,198935420,'2021-04-22 13:11:00'),
 (602,198935420,'2021-04-22 16:51:30'),
 (603,134647678,'2021-01-02 16:30:49'),
 (606,200234031,'2021-08-24 09:17:21'),
 (607,200234031,'2021-08-24 10:49:56'),
 (608,198935420,'2021-04-25 08:26:48'),
 (609,200234031,'2021-08-25 10:42:12'),
 (610,198935420,'2021-04-27 17:37:37'),
 (612,198944960,'2021-09-19 20:28:41'),
 (613,200234031,'2021-08-31 11:19:10'),
 (614,200234031,'2021-08-31 11:31:39'),
 (615,200234031,'2021-08-31 11:44:00'),
 (617,194094922,'2021-03-01 17:24:31'),
 (618,198935420,'2021-04-28 15:12:53'),
 (619,198935420,'2021-04-29 13:18:32'),
 (620,196133581,'2021-02-01 12:24:00'),
 (621,198935420,'2021-05-02 14:02:54'),
 (622,194094922,'2021-03-02 13:11:58'),
 (623,198935420,'2021-05-05 16:39:47'),
 (625,198935420,'2021-05-06 14:47:16'),
 (627,198935420,'2021-05-07 22:28:32'),
 (628,198935420,'2021-05-09 12:18:55'),
 (629,170751728,'2021-01-04 20:28:33'),
 (631,190923273,'2021-01-17 23:07:38'),
 (632,198935420,'2021-05-10 12:47:46'),
 (633,197094408,'2021-08-08 10:26:27'),
 (634,198944960,'2021-10-03 17:03:30'),
 (635,198935420,'2021-05-11 09:55:02'),
 (637,198935420,'2021-05-12 14:01:53'),
 (638,196133581,'2021-02-07 20:12:52'),
 (640,198935420,'2021-05-12 16:42:13'),
 (641,117144631,'2021-01-18 20:09:48'),
 (642,198944960,'2021-10-11 10:11:15'),
 (643,198935420,'2021-05-14 11:16:51'),
 (645,198944960,'2021-10-17 20:20:26'),
 (646,174410986,'2021-01-03 19:11:25'),
 (647,188100367,'2021-01-03 22:30:01'),
 (648,117144631,'2021-01-24 17:51:15'),
 (650,117144631,'2021-01-30 21:01:00'),
 (651,117144631,'2021-01-31 21:59:46'),
 (652,194094922,'2021-03-20 13:03:04'),
 (654,196133581,'2021-02-15 12:15:01'),
 (655,198944960,'2021-10-25 18:12:30'),
 (656,194094922,'2021-03-22 17:26:53'),
 (657,117144631,'2021-02-07 00:02:49'),
 (658,117144631,'2021-02-07 16:00:08'),
 (659,198935420,'2021-05-17 13:13:08'),
 (660,117144631,'2021-02-14 18:09:14'),
 (661,117144631,'2021-02-21 22:39:22'),
 (662,194094922,'2021-03-24 17:39:56'),
 (664,117144631,'2021-03-09 21:27:48'),
 (665,117144631,'2021-03-16 23:42:20'),
 (666,117144631,'2021-04-02 23:33:28'),
 (668,117144631,'2021-04-04 18:24:48'),
 (671,190923273,'2021-03-01 22:10:18'),
 (672,194094922,'2021-04-08 09:33:57'),
 (673,198935420,'2021-05-19 11:05:56'),
 (674,134647678,'2021-02-01 22:59:42'),
 (676,196133581,'2021-02-22 17:31:00'),
 (677,197094408,'2021-08-12 15:05:33'),
 (678,200332300,'2021-05-30 20:18:00'),
 (679,194094922,'2021-04-12 14:54:05'),
 (680,194094922,'2021-04-14 17:47:40'),
 (681,198944960,'2021-10-31 20:02:43'),
 (682,198935420,'2021-05-23 16:45:29'),
 (683,198935420,'2021-05-24 15:29:22'),
 (684,198935420,'2021-05-25 13:42:02'),
 (685,197094408,'2021-08-21 12:09:41'),
 (687,194094922,'2021-04-21 17:15:44'),
 (688,198935420,'2021-05-29 13:19:10'),
 (690,198935420,'2021-05-30 14:15:01'),
 (691,198935420,'2021-05-31 13:47:52'),
 (692,194094922,'2021-04-29 17:31:35'),
 (693,198935420,'2021-05-31 18:19:54'),
 (694,198944960,'2021-11-07 20:23:22'),
 (695,198935420,'2021-06-01 13:36:46'),
 (697,186570628,'2021-02-14 14:24:07'),
 (698,194094922,'2021-05-13 17:17:15'),
 (699,198935420,'2021-06-06 16:31:28'),
 (701,198935420,'2021-06-08 17:17:54'),
 (702,198935420,'2021-06-09 14:32:00'),
 (704,194094922,'2021-05-24 17:34:53'),
 (705,198944960,'2021-11-15 17:34:24'),
 (706,190923273,'2021-04-19 23:27:30'),
 (707,194094922,'2021-05-29 17:52:41'),
 (708,198935420,'2021-06-19 11:31:37'),
 (709,135202265,'2021-01-09 23:43:03'),
 (710,194094922,'2021-06-01 12:20:21'),
 (711,197598438,'2021-04-11 21:43:44'),
 (712,198935420,'2021-06-20 10:59:49'),
 (714,197094408,'2021-08-29 11:25:53'),
 (715,198944960,'2021-11-21 19:50:02'),
 (716,198935420,'2021-06-20 17:28:40'),
 (718,135202265,'2021-02-01 21:25:35'),
 (719,178142840,'2021-01-24 22:36:32'),
 (720,190923273,'2021-05-24 20:30:51'),
 (721,134647678,'2021-03-09 18:14:05'),
 (722,198935420,'2021-06-21 13:16:45'),
 (723,198944960,'2021-11-28 20:16:43'),
 (724,198935420,'2021-06-22 15:05:25'),
 (726,178142840,'2021-02-01 13:38:57'),
 (727,190923273,'2021-05-31 22:27:50'),
 (728,197094408,'2021-09-03 10:21:40'),
 (729,198935420,'2021-06-26 10:52:20'),
 (730,198935420,'2021-06-27 15:55:54'),
 (731,135202265,'2021-02-16 00:57:00'),
 (732,135202265,'2021-02-21 22:35:16'),
 (733,198935420,'2021-06-28 16:10:01'),
 (734,197094408,'2021-09-05 13:07:40'),
 (735,198935420,'2021-06-29 13:50:45'),
 (736,198935420,'2021-06-30 15:12:05'),
 (737,135202265,'2021-03-14 22:58:00'),
 (738,121655298,'2021-01-05 00:01:43'),
 (739,198935420,'2021-07-03 10:26:22'),
 (740,135202265,'2021-03-22 23:55:57'),
 (741,121655298,'2021-01-10 22:28:27'),
 (742,198935420,'2021-07-03 15:50:56'),
 (743,198935420,'2021-07-04 16:11:06'),
 (744,135202265,'2021-04-11 21:46:10'),
 (745,135202265,'2021-04-19 21:03:35'),
 (746,198935420,'2021-07-06 00:31:00'),
 (747,135202265,'2021-04-26 00:26:14'),
 (748,135202265,'2021-05-02 23:51:04'),
 (749,198935420,'2021-07-09 21:57:01'),
 (750,121655298,'2021-01-25 06:53:52'),
 (751,198944960,'2021-12-05 19:44:03'),
 (752,198935420,'2021-07-10 19:59:13'),
 (753,198935420,'2021-07-11 13:52:58'),
 (756,198935420,'2021-07-12 14:37:36'),
 (757,135202265,'2021-05-24 00:05:17'),
 (758,198935420,'2021-07-23 14:29:45'),
 (760,121655298,'2021-02-14 21:02:34'),
 (761,198935420,'2021-07-24 08:48:13'),
 (762,135202265,'2021-06-01 00:10:21'),
 (763,135202265,'2021-06-06 22:52:52'),
 (764,198935420,'2021-07-25 13:23:57'),
 (766,198935420,'2021-07-26 13:35:03'),
 (767,135202265,'2021-06-20 23:06:03'),
 (768,135202265,'2021-06-27 22:54:57'),
 (769,198935420,'2021-07-28 14:16:30'),
 (770,135202265,'2021-07-11 23:42:50'),
 (771,198935420,'2021-07-29 12:22:00'),
 (772,160292482,'2021-01-10 18:21:12'),
 (774,198944960,'2021-12-12 16:05:33'),
 (776,135202265,'2021-07-18 22:39:05'),
 (778,198935420,'2021-07-31 10:14:06'),
 (779,196133581,'2021-03-15 15:55:38'),
 (780,178142840,'2021-03-07 22:42:07'),
 (781,121655298,'2021-03-07 21:02:32'),
 (782,198944960,'2021-12-19 19:11:01'),
 (783,134647678,'2021-05-04 14:34:51'),
 (784,121655298,'2021-03-14 21:17:03'),
 (786,121655298,'2021-03-21 18:41:19'),
 (788,198935420,'2021-08-01 11:01:59'),
 (789,198935420,'2021-08-01 16:28:35'),
 (790,198935420,'2021-08-02 10:16:07'),
 (791,135202265,'2021-08-02 07:20:12'),
 (792,121655298,'2021-03-29 06:35:37'),
 (794,135202265,'2021-08-08 23:14:16'),
 (795,198935420,'2021-08-03 13:10:58'),
 (796,121655298,'2021-04-05 11:19:28'),
 (797,135202265,'2021-08-15 19:58:13'),
 (798,178142840,'2021-03-21 23:31:20'),
 (800,184098184,'2021-02-01 09:12:39'),
 (801,197094408,'2021-09-12 20:19:07'),
 (804,198935420,'2021-08-04 21:00:27'),
 (805,198935420,'2021-08-05 10:50:57'),
 (806,198935420,'2021-08-06 10:46:13'),
 (807,135202265,'2021-08-29 21:46:56'),
 (809,178142840,'2021-03-29 10:53:42'),
 (810,198935420,'2021-08-07 16:12:31'),
 (814,190923273,'2021-06-23 10:27:27'),
 (815,198935420,'2021-08-08 14:20:00'),
 (817,135202265,'2021-09-05 23:12:57'),
 (819,198935420,'2021-08-10 20:57:27'),
 (820,198935420,'2021-08-11 15:16:04'),
 (822,198935420,'2021-08-13 12:31:18'),
 (824,135202265,'2021-09-13 00:30:41'),
 (825,135202265,'2021-09-19 17:55:43'),
 (826,198935420,'2021-08-14 18:16:00'),
 (828,198935420,'2021-08-16 19:16:00'),
 (829,135202265,'2021-09-27 00:41:20'),
 (830,198935420,'2021-08-22 19:55:58'),
 (831,197094408,'2021-09-19 12:53:40'),
 (833,198935420,'2021-08-31 18:38:12'),
 (835,198935420,'2021-09-01 18:47:46'),
 (838,178142840,'2021-04-11 18:57:53'),
 (841,198935420,'2021-09-05 21:04:00'),
 (843,198935420,'2021-09-10 09:15:56'),
 (844,135202265,'2021-10-03 19:53:29'),
 (845,198935420,'2021-09-12 20:28:07'),
 (847,135202265,'2021-10-10 20:28:33'),
 (848,121655298,'2021-06-06 21:27:54'),
 (849,135202265,'2021-10-17 11:31:14'),
 (851,178142840,'2021-04-19 17:45:48'),
 (852,134647678,'2021-05-31 20:00:04'),
 (854,198935420,'2021-09-26 09:02:41'),
 (855,135202265,'2021-10-24 17:36:41'),
 (856,121655298,'2021-06-14 09:30:55'),
 (858,190923273,'2021-06-28 21:43:07'),
 (859,135202265,'2021-10-31 20:18:19'),
 (860,135202265,'2021-11-07 16:54:40'),
 (863,188953590,'2021-01-24 23:19:59'),
 (864,188953590,'2021-01-31 22:46:56'),
 (865,176692851,'2021-01-17 23:30:01'),
 (866,198935420,'2021-09-26 17:54:19'),
 (867,178142840,'2021-04-26 20:37:04'),
 (868,198935420,'2021-09-27 19:14:46'),
 (870,198935420,'2021-10-06 12:38:54'),
 (871,188953590,'2021-02-14 23:54:04'),
 (872,135202265,'2021-11-15 21:21:18'),
 (874,135202265,'2021-11-21 21:28:23'),
 (875,198935420,'2021-10-07 15:48:00'),
 (877,190923273,'2021-07-11 19:53:05'),
 (879,198935420,'2021-10-08 11:43:29'),
 (880,198935420,'2021-10-09 13:52:57'),
 (882,121655298,'2021-07-12 21:57:45'),
 (884,198935420,'2021-10-12 14:27:14'),
 (885,134647678,'2021-06-17 17:15:18'),
 (886,198935420,'2021-10-13 19:32:19'),
 (888,135202265,'2021-11-28 23:55:00'),
 (891,121655298,'2021-08-02 09:30:40'),
 (892,198935420,'2021-10-18 18:05:06'),
 (895,197094408,'2021-10-03 11:24:38'),
 (896,188953590,'2021-02-21 22:36:27'),
 (898,135202265,'2021-12-06 01:02:16'),
 (899,121655298,'2021-08-09 21:20:34'),
 (903,198935420,'2021-10-29 11:19:44'),
 (904,197094408,'2021-10-10 17:29:52'),
 (907,135202265,'2021-12-12 22:34:27'),
 (909,198935420,'2021-10-30 12:48:52'),
 (910,176692851,'2021-02-07 22:55:00'),
 (911,135202265,'2021-12-20 20:15:05'),
 (913,121655298,'2021-08-30 09:47:00'),
 (914,190923273,'2021-07-27 20:31:32'),
 (915,198935420,'2021-11-04 21:39:44'),
 (916,196448714,'2021-01-04 19:02:13'),
 (918,198935420,'2021-11-06 18:36:39'),
 (921,134647678,'2021-07-14 08:12:19'),
 (922,198935420,'2021-11-13 19:11:03'),
 (923,190923273,'2021-08-11 22:44:32'),
 (926,190923273,'2021-08-13 23:05:14'),
 (927,121655298,'2021-09-05 22:25:23'),
 (928,134647678,'2021-07-21 09:07:45'),
 (930,198935420,'2021-11-15 15:26:01'),
 (932,198935420,'2021-11-21 15:24:15'),
 (936,190923273,'2021-08-18 23:44:36'),
 (937,190923273,'2021-08-21 00:12:52'),
 (941,134647678,'2021-07-31 21:40:29'),
 (942,174410986,'2021-10-10 09:58:06'),
 (944,121655298,'2021-09-19 22:29:03'),
 (946,197094408,'2021-10-31 00:03:54'),
 (947,176692851,'2021-02-22 12:10:00'),
 (948,176692851,'2021-02-22 12:20:01'),
 (949,198935420,'2021-11-23 21:05:09'),
 (955,176692851,'2021-02-28 21:44:50'),
 (956,176692851,'2021-02-28 22:15:00'),
 (957,121655298,'2021-09-28 10:00:03'),
 (959,198935420,'2021-11-26 15:19:29'),
 (960,198935420,'2021-11-28 10:34:08'),
 (961,154690254,'2021-01-07 23:04:36'),
 (962,197094408,'2021-11-07 01:42:37'),
 (964,174410986,'2021-10-18 13:25:35'),
 (967,134647678,'2021-08-15 20:37:24'),
 (968,148179066,'2021-01-15 20:30:25'),
 (970,134647678,'2021-08-23 00:08:11'),
 (972,198935420,'2021-12-03 16:45:33'),
 (975,188953590,'2021-02-28 20:15:02'),
 (976,121655298,'2021-10-04 22:38:49'),
 (977,198935420,'2021-12-05 14:10:14'),
 (980,198935420,'2021-12-05 21:49:49'),
 (985,121655298,'2021-10-11 10:00:04'),
 (987,154690254,'2021-01-10 23:24:37'),
 (994,121655298,'2021-10-19 09:00:02'),
 (996,198935420,'2021-12-12 18:11:29'),
 (998,190923273,'2021-08-25 00:57:27'),
 (1000,121655298,'2021-10-26 20:27:26'),
 (1002,176692851,'2021-03-22 12:45:00'),
 (1003,121655298,'2021-11-01 21:19:34'),
 (1005,176692851,'2021-03-22 14:45:00'),
 (1006,198935420,'2021-12-19 16:01:28'),
 (1010,121655298,'2021-11-09 10:26:02'),
 (1011,197094408,'2021-11-13 17:53:09'),
 (1012,198935420,'2021-12-21 12:49:16'),
 (1015,121655298,'2021-11-14 21:20:52'),
 (1018,199603398,'2021-08-24 18:38:22'),
 (1019,154690254,'2021-01-17 19:51:31'),
 (1021,190923273,'2021-08-29 23:46:31'),
 (1022,198935420,'2021-12-26 10:27:27'),
 (1023,198935420,'2021-12-26 10:38:14'),
 (1024,199603398,'2021-08-24 18:45:06'),
 (1025,134647678,'2021-09-13 10:03:50'),
 (1026,197094408,'2021-11-21 22:08:15'),
 (1033,176692851,'2021-04-05 14:15:00'),
 (1035,197094408,'2021-11-28 22:00:08'),
 (1038,172961692,'2021-02-15 07:20:10'),
 (1039,197094408,'2021-12-04 21:01:52'),
 (1045,176692851,'2021-04-20 14:45:00'),
 (1051,134647678,'2021-10-04 07:18:40'),
 (1053,172961692,'2021-02-22 20:09:29'),
 (1056,176692851,'2021-04-27 12:45:00'),
 (1060,197094408,'2021-12-12 23:25:53'),
 (1066,190923273,'2021-09-20 10:48:55'),
 (1067,121655298,'2021-12-06 20:23:47'),
 (1068,197094408,'2021-12-20 17:35:28'),
 (1074,154690254,'2021-01-31 22:47:23'),
 (1076,121655298,'2021-12-13 10:46:58'),
 (1079,121655298,'2021-12-21 14:50:58'),
 (1081,134647678,'2021-10-25 05:30:02'),
 (1083,176692851,'2021-05-11 14:20:00'),
 (1086,154690254,'2021-02-07 22:37:08'),
 (1100,196448714,'2021-01-18 20:50:25'),
 (1102,176692851,'2021-05-23 15:55:00'),
 (1103,176692851,'2021-05-23 16:37:00'),
 (1106,176692851,'2021-05-24 05:45:00'),
 (1107,176692851,'2021-05-24 06:00:03'),
 (1115,176692851,'2021-06-01 23:30:01'),
 (1118,154690254,'2021-02-14 22:57:46'),
 (1121,199603398,'2021-09-02 17:05:45'),
 (1126,134647678,'2021-11-05 14:15:22'),
 (1131,154690254,'2021-02-22 16:27:42'),
 (1147,154690254,'2021-02-28 22:29:06'),
 (1151,176692851,'2021-06-22 08:30:02'),
 (1161,176692851,'2021-06-24 14:12:20'),
 (1172,134647678,'2021-11-27 07:33:54'),
 (1178,176692851,'2021-06-28 11:30:02'),
 (1180,176692851,'2021-06-28 12:15:00'),
 (1193,154690254,'2021-03-07 20:56:55'),
 (1229,164710476,'2021-01-06 18:24:00'),
 (1230,176692851,'2021-07-15 17:25:00'),
 (1240,154690254,'2021-03-15 06:24:41'),
 (1247,134647678,'2021-12-21 13:16:03'),
 (1249,164710476,'2021-01-13 17:41:11'),
 (1252,176692851,'2021-07-26 12:10:00'),
 (1258,164710476,'2021-01-20 19:24:00'),
 (1276,154690254,'2021-03-22 09:19:39'),
 (1288,164710476,'2021-03-17 20:47:00'),
 (1311,154690254,'2021-03-28 19:18:09'),
 (1326,176692851,'2021-09-08 10:10:00'),
 (1332,176692851,'2021-09-12 10:00:00'),
 (1336,154690254,'2021-04-13 20:57:42'),
 (1352,154690254,'2021-04-21 14:50:03'),
 (1358,154690254,'2021-04-25 21:08:11'),
 (1368,176692851,'2021-09-19 23:00:01'),
 (1372,64636104,'2021-01-04 13:33:02'),
 (1374,154690254,'2021-05-03 08:37:32'),
 (1377,189200969,'2021-01-02 21:30:00'),
 (1379,176692851,'2021-09-26 20:00:02'),
 (1381,64636104,'2021-01-17 20:53:39'),
 (1389,64636104,'2021-01-24 22:13:44'),
 (1391,64636104,'2021-02-01 00:25:08'),
 (1394,64636104,'2021-02-08 09:04:03'),
 (1395,154690254,'2021-05-11 09:30:45'),
 (1396,64636104,'2021-02-14 11:34:40'),
 (1399,64636104,'2021-02-21 22:43:57'),
 (1402,64636104,'2021-02-28 14:13:03'),
 (1411,176692851,'2021-10-20 06:05:00'),
 (1418,154690254,'2021-05-16 18:57:33'),
 (1419,52499663,'2021-01-10 15:20:08'),
 (1421,176692851,'2021-10-25 22:23:14'),
 (1427,154690254,'2021-05-24 20:50:28'),
 (1431,64636104,'2021-03-14 13:46:51'),
 (1435,176692851,'2021-11-02 15:40:00'),
 (1436,64636104,'2021-03-21 18:19:30'),
 (1437,64636104,'2021-03-29 21:12:46'),
 (1440,64636104,'2021-04-04 13:04:42'),
 (1442,64636104,'2021-04-11 13:34:01'),
 (1445,154690254,'2021-06-04 07:06:50'),
 (1448,64636104,'2021-04-18 21:49:35'),
 (1452,64636104,'2021-04-25 13:19:41'),
 (1457,189200969,'2021-01-17 21:30:01'),
 (1459,64636104,'2021-05-02 22:57:33'),
 (1460,154690254,'2021-06-07 12:16:36'),
 (1467,64636104,'2021-05-09 22:08:39'),
 (1468,178142840,'2021-12-22 00:18:31'),
 (1476,176692851,'2021-11-18 08:15:00'),
 (1479,154690254,'2021-06-13 21:49:11'),
 (1481,189200969,'2021-01-24 21:30:01'),
 (1483,64636104,'2021-05-24 19:36:39'),
 (1487,176692851,'2021-11-22 22:40:00'),
 (1491,163946960,'2021-02-21 23:31:04'),
 (1494,64636104,'2021-05-31 08:38:38'),
 (1495,163946960,'2021-02-23 04:35:29'),
 (1497,64636104,'2021-06-06 21:14:52'),
 (1501,154690254,'2021-06-21 21:00:02'),
 (1502,176692851,'2021-11-29 10:10:00'),
 (1504,64636104,'2021-06-14 16:13:24'),
 (1510,64636104,'2021-06-21 20:43:36'),
 (1511,163946960,'2021-02-25 12:24:02'),
 (1518,64636104,'2021-07-05 18:53:08'),
 (1522,64636104,'2021-07-18 14:45:03'),
 (1524,154690254,'2021-06-28 19:43:36'),
 (1526,163946960,'2021-02-26 14:36:25'),
 (1528,64636104,'2021-08-22 15:51:38'),
 (1530,64636104,'2021-09-21 13:40:23'),
 (1534,163946960,'2021-02-27 11:40:37'),
 (1536,176692851,'2021-12-06 18:10:00'),
 (1538,163946960,'2021-02-28 15:30:15'),
 (1540,189200969,'2021-02-07 21:30:01'),
 (1550,163946960,'2021-02-28 17:42:46'),
 (1553,163946960,'2021-03-02 00:43:22'),
 (1556,163946960,'2021-03-02 23:12:02'),
 (1558,163946960,'2021-03-03 00:28:09'),
 (1562,189200969,'2021-02-14 21:30:01'),
 (1570,163946960,'2021-03-15 01:01:35'),
 (1571,163946960,'2021-03-15 01:37:25'),
 (1573,154690254,'2021-07-06 18:04:54'),
 (1577,176692851,'2021-12-13 17:00:03'),
 (1578,102738401,'2021-01-10 23:00:03'),
 (1587,163946960,'2021-03-29 00:19:14'),
 (1589,163946960,'2021-03-29 00:56:11'),
 (1591,154690254,'2021-07-11 20:25:44'),
 (1592,189200969,'2021-02-21 21:30:01'),
 (1596,102738401,'2021-01-23 19:00:07'),
 (1602,163946960,'2021-04-05 10:14:52'),
 (1604,163946960,'2021-04-05 10:30:09'),
 (1607,163946960,'2021-04-09 17:02:51'),
 (1608,189200969,'2021-02-28 21:30:01'),
 (1611,154690254,'2021-07-18 20:51:55'),
 (1617,163946960,'2021-04-12 10:23:19'),
 (1619,163946960,'2021-04-12 12:29:53'),
 (1621,163946960,'2021-04-16 18:03:24'),
 (1624,189200969,'2021-03-07 21:30:01'),
 (1628,163946960,'2021-04-18 22:09:14'),
 (1633,154690254,'2021-07-31 18:18:04'),
 (1635,163946960,'2021-04-19 00:20:56'),
 (1640,189200969,'2021-03-14 21:30:01'),
 (1641,163946960,'2021-04-27 10:07:03'),
 (1643,163946960,'2021-04-27 18:12:23'),
 (1647,154690254,'2021-08-01 21:34:32'),
 (1651,163946960,'2021-05-03 00:21:07'),
 (1654,163946960,'2021-05-10 01:19:31'),
 (1659,163946960,'2021-05-16 14:28:14'),
 (1661,154690254,'2021-08-09 21:09:56'),
 (1662,163946960,'2021-05-17 11:01:28'),
 (1663,147383910,'2021-01-06 11:40:22'),
 (1666,147383910,'2021-01-10 15:47:12'),
 (1669,163946960,'2021-05-24 10:38:36'),
 (1676,189200969,'2021-03-28 21:30:01'),
 (1681,147383910,'2021-01-17 15:56:10'),
 (1685,163946960,'2021-05-31 23:40:05'),
 (1687,163946960,'2021-06-01 01:41:54'),
 (1690,163946960,'2021-06-07 00:59:08'),
 (1691,163946960,'2021-06-07 01:37:49'),
 (1694,163946960,'2021-06-13 23:15:52'),
 (1695,163946960,'2021-06-14 00:04:46'),
 (1698,163946960,'2021-06-21 19:43:10'),
 (1700,163946960,'2021-06-28 00:43:45'),
 (1703,163946960,'2021-07-05 14:44:27'),
 (1705,163946960,'2021-07-05 16:30:38'),
 (1706,154690254,'2021-08-25 20:27:41'),
 (1710,189200969,'2021-04-11 21:30:01'),
 (1711,163946960,'2021-07-12 10:28:09'),
 (1717,163946960,'2021-07-19 00:12:47'),
 (1720,163946960,'2021-07-26 00:42:42'),
 (1725,154690254,'2021-08-29 20:33:04'),
 (1727,147383910,'2021-01-25 00:38:28'),
 (1729,163946960,'2021-08-02 00:04:56'),
 (1732,79012646,'2021-01-04 22:02:31'),
 (1733,79012646,'2021-01-05 21:20:19'),
 (1734,79012646,'2021-01-07 06:14:58'),
 (1735,163946960,'2021-08-08 20:59:08'),
 (1736,163946960,'2021-08-08 21:09:41'),
 (1737,163946960,'2021-08-08 21:38:16'),
 (1738,163946960,'2021-08-08 22:16:16'),
 (1739,79012646,'2021-01-10 15:43:20'),
 (1740,154690254,'2021-09-05 20:45:51'),
 (1743,163946960,'2021-08-13 22:12:26'),
 (1744,163946960,'2021-08-13 22:14:13'),
 (1745,163946960,'2021-08-13 22:41:21'),
 (1751,163946960,'2021-08-15 20:20:57'),
 (1755,154690254,'2021-09-13 07:42:42'),
 (1758,79012646,'2021-01-17 19:49:00'),
 (1759,79012646,'2021-01-17 19:50:00'),
 (1760,163946960,'2021-08-22 11:23:44'),
 (1766,189200969,'2021-04-25 21:30:01'),
 (1767,79012646,'2021-01-25 08:34:01'),
 (1773,154690254,'2021-09-20 09:23:00'),
 (1781,189200969,'2021-05-02 21:30:01'),
 (1783,163946960,'2021-08-30 08:20:00'),
 (1784,163946960,'2021-08-30 08:22:00'),
 (1786,154690254,'2021-09-26 21:54:19'),
 (1787,79012646,'2021-02-01 16:51:27'),
 (1801,163946960,'2021-09-12 23:33:25'),
 (1804,189200969,'2021-05-09 21:30:01'),
 (1816,163946960,'2021-09-19 20:50:09'),
 (1817,79012646,'2021-02-15 06:13:34'),
 (1819,154690254,'2021-10-15 09:36:23'),
 (1822,163946960,'2021-09-26 23:59:04'),
 (1826,154690254,'2021-10-18 18:44:00'),
 (1836,79012646,'2021-02-22 10:23:14'),
 (1838,154690254,'2021-10-26 08:11:13'),
 (1842,163946960,'2021-10-18 00:21:45'),
 (1847,79012646,'2021-03-01 18:44:40'),
 (1848,154690254,'2021-11-03 09:57:04'),
 (1851,79012646,'2021-03-07 19:21:20'),
 (1854,163946960,'2021-11-02 02:42:10'),
 (1861,163946960,'2021-11-15 02:59:26'),
 (1863,154690254,'2021-11-11 10:30:25'),
 (1866,79012646,'2021-03-14 19:30:02'),
 (1868,189200969,'2021-05-30 21:30:00'),
 (1873,154690254,'2021-11-15 07:55:54'),
 (1878,79012646,'2021-03-21 19:35:18'),
 (1882,163946960,'2021-11-23 05:42:49'),
 (1886,154690254,'2021-11-22 07:16:34'),
 (1887,189200969,'2021-06-06 21:30:00'),
 (1888,79012646,'2021-03-28 17:03:34'),
 (1898,163946960,'2021-11-29 18:46:53'),
 (1899,163946960,'2021-11-29 21:35:05'),
 (1900,163946960,'2021-11-29 21:41:39'),
 (1905,154690254,'2021-11-29 09:24:40'),
 (1907,163946960,'2021-12-06 17:06:36'),
 (1908,79012646,'2021-04-05 07:54:58'),
 (1910,163946960,'2021-12-13 17:56:11'),
 (1913,189200969,'2021-06-13 21:30:00'),
 (1932,79012646,'2021-04-12 09:52:28'),
 (1934,154690254,'2021-12-06 10:42:09'),
 (1942,189200969,'2021-06-20 21:30:00'),
 (1946,79012646,'2021-04-19 17:15:53'),
 (1956,79012646,'2021-04-26 18:40:58'),
 (1959,189200969,'2021-06-27 21:30:01'),
 (1961,154690254,'2021-12-14 09:29:26'),
 (1966,175092537,'2021-01-02 12:15:31'),
 (1967,175092537,'2021-01-04 16:38:56'),
 (1969,79012646,'2021-05-03 13:26:11'),
 (1976,79012646,'2021-05-09 19:06:59'),
 (1978,175092537,'2021-01-10 21:35:44'),
 (1979,79012646,'2021-05-16 15:16:25'),
 (1983,79012646,'2021-05-24 08:49:34'),
 (1986,154690254,'2021-12-21 10:45:09'),
 (1995,189200969,'2021-07-04 21:30:01'),
 (1998,175092537,'2021-01-17 21:09:42'),
 (1999,79012646,'2021-05-31 21:02:35'),
 (2004,79012646,'2021-06-06 21:08:47'),
 (2023,79012646,'2021-06-14 14:43:23'),
 (2029,175092537,'2021-01-25 09:33:11'),
 (2032,79012646,'2021-06-21 20:49:51'),
 (2042,175092537,'2021-01-31 22:00:11'),
 (2044,189200969,'2021-07-11 19:30:02'),
 (2057,79012646,'2021-06-28 20:41:31'),
 (2062,189200969,'2021-07-18 19:30:01'),
 (2067,79012646,'2021-07-04 20:32:25'),
 (2072,175092537,'2021-02-15 22:20:05'),
 (2076,79012646,'2021-07-12 07:58:35'),
 (2078,189200969,'2021-07-25 19:30:00'),
 (2082,175092537,'2021-02-22 21:37:20'),
 (2090,79012646,'2021-07-19 19:53:17'),
 (2096,189200969,'2021-08-01 19:30:00'),
 (2100,79012646,'2021-07-26 19:30:32'),
 (2108,79012646,'2021-08-02 19:55:08'),
 (2110,189200969,'2021-08-08 19:30:01'),
 (2116,79012646,'2021-08-09 19:33:43'),
 (2119,79012646,'2021-08-16 14:54:54'),
 (2123,79012646,'2021-08-23 08:54:12'),
 (2130,175092537,'2021-03-08 00:09:54'),
 (2137,189200969,'2021-08-15 21:30:01'),
 (2154,189200969,'2021-08-22 21:30:00'),
 (2158,157827597,'2021-01-09 17:47:47'),
 (2159,79012646,'2021-08-30 09:16:30'),
 (2166,157827597,'2021-01-17 18:04:42'),
 (2168,189200969,'2021-08-29 21:30:00'),
 (2182,175092537,'2021-03-22 09:42:11'),
 (2185,189200969,'2021-09-05 21:30:00'),
 (2194,79012646,'2021-09-05 19:42:00'),
 (2204,175092537,'2021-03-28 23:01:48'),
 (2208,79012646,'2021-09-13 18:03:10'),
 (2212,189200969,'2021-09-12 21:30:00'),
 (2220,175092537,'2021-04-04 21:52:46'),
 (2223,189200969,'2021-09-19 21:30:00'),
 (2225,175092537,'2021-04-11 23:30:00'),
 (2227,79012646,'2021-09-20 19:11:37'),
 (2233,79012646,'2021-09-27 18:55:45'),
 (2240,79012646,'2021-10-04 16:23:44'),
 (2253,79012646,'2021-10-11 07:23:34'),
 (2255,189200969,'2021-09-26 21:30:00'),
 (2259,79012646,'2021-10-18 18:35:17'),
 (2281,154374270,'2021-01-01 18:19:00'),
 (2285,189200969,'2021-10-03 21:30:00'),
 (2286,79012646,'2021-10-25 20:02:02'),
 (2297,154374270,'2021-01-05 08:33:08'),
 (2301,79012646,'2021-10-31 19:46:01'),
 (2314,154374270,'2021-01-10 16:25:33'),
 (2318,79012646,'2021-11-07 20:12:09'),
 (2320,189200969,'2021-10-10 21:30:00'),
 (2322,79012646,'2021-11-14 20:24:16'),
 (2328,154374270,'2021-01-17 16:04:49'),
 (2329,79012646,'2021-11-21 18:40:16'),
 (2335,154374270,'2021-01-24 13:55:57'),
 (2337,189200969,'2021-10-17 21:30:00'),
 (2343,79012646,'2021-11-28 19:03:44'),
 (2344,154374270,'2021-01-31 16:35:45'),
 (2355,189200969,'2021-10-24 21:30:00'),
 (2357,154374270,'2021-02-07 16:29:48'),
 (2362,79012646,'2021-12-05 15:12:45'),
 (2375,154374270,'2021-02-14 16:28:25'),
 (2378,189200969,'2021-10-31 21:30:00'),
 (2384,154374270,'2021-02-21 14:46:42'),
 (2386,79012646,'2021-12-12 18:44:41'),
 (2400,189200969,'2021-11-07 21:30:00'),
 (2401,79012646,'2021-12-20 18:34:40'),
 (2407,154374270,'2021-02-28 16:10:37'),
 (2415,189200969,'2021-11-14 21:30:00'),
 (2431,189200969,'2021-11-21 21:30:00'),
 (2448,154374270,'2021-03-06 15:47:03'),
 (2459,154374270,'2021-03-14 18:01:33'),
 (2464,154374270,'2021-03-21 16:14:01'),
 (2475,154374270,'2021-03-28 14:03:06'),
 (2476,189200969,'2021-11-28 21:30:00'),
 (2498,154374270,'2021-04-04 13:34:13'),
 (2517,154374270,'2021-04-11 08:48:43'),
 (2531,154374270,'2021-04-18 17:21:31'),
 (2543,154374270,'2021-04-25 15:57:01'),
 (2551,154374270,'2021-05-02 15:35:56'),
 (2564,154374270,'2021-05-09 17:32:33'),
 (2582,154374270,'2021-05-16 17:08:04'),
 (2602,154374270,'2021-05-23 16:39:00'),
 (2613,154374270,'2021-05-30 14:28:54'),
 (2619,154374270,'2021-06-06 18:04:29'),
 (2634,154374270,'2021-06-13 19:48:52'),
 (2683,154374270,'2021-06-20 18:33:09'),
 (2712,100326860,'2021-01-04 01:09:32'),
 (2713,100326860,'2021-01-17 22:14:03'),
 (2716,154374270,'2021-06-27 13:40:42'),
 (2736,154374270,'2021-07-04 15:26:12'),
 (2750,154374270,'2021-07-11 15:37:41'),
 (2772,126531072,'2021-01-10 23:19:35'),
 (2777,126531072,'2021-01-18 13:25:31'),
 (2781,57212002,'2021-01-01 13:12:04'),
 (2782,57212002,'2021-01-01 15:41:15'),
 (2792,154374270,'2021-07-18 01:03:56'),
 (2799,126531072,'2021-01-25 09:42:32'),
 (2802,126531072,'2021-01-26 09:08:20'),
 (2811,57212002,'2021-01-20 12:25:19'),
 (2816,154374270,'2021-07-25 07:30:01'),
 (2838,126531072,'2021-02-08 10:52:27'),
 (2847,154374270,'2021-08-01 05:23:24'),
 (2868,126531072,'2021-02-15 21:03:06'),
 (2874,126531072,'2021-02-22 16:15:16'),
 (2882,154374270,'2021-08-08 09:44:10'),
 (2896,126531072,'2021-03-08 14:09:11'),
 (2911,154374270,'2021-08-15 09:58:26'),
 (2938,154374270,'2021-08-22 09:27:06'),
 (2940,126531072,'2021-03-15 09:31:05'),
 (2948,126531072,'2021-03-22 17:11:45'),
 (2959,154374270,'2021-08-29 10:52:55'),
 (2969,126531072,'2021-03-29 18:29:32'),
 (2974,154374270,'2021-09-05 16:05:30'),
 (2982,126531072,'2021-04-13 21:07:05'),
 (2988,154374270,'2021-09-12 14:30:01'),
 (2997,126531072,'2021-04-21 14:44:23'),
 (3005,154374270,'2021-09-19 23:55:56'),
 (3014,154374270,'2021-09-26 20:21:19'),
 (3026,154374270,'2021-10-03 08:30:51'),
 (3027,126531072,'2021-04-26 10:06:40'),
 (3034,154374270,'2021-10-10 14:15:52'),
 (3050,154374270,'2021-10-17 14:32:21'),
 (3062,154374270,'2021-10-24 18:01:48'),
 (3072,154374270,'2021-10-30 15:42:52'),
 (3081,126531072,'2021-05-11 09:29:52'),
 (3087,154374270,'2021-11-07 14:39:56'),
 (3093,154374270,'2021-11-13 18:49:21'),
 (3098,126531072,'2021-05-16 21:52:28'),
 (3111,126531072,'2021-05-26 07:01:59'),
 (3119,126531072,'2021-06-09 08:41:00'),
 (3122,154374270,'2021-11-20 19:31:44'),
 (3136,126531072,'2021-06-18 21:56:30'),
 (3138,126531072,'2021-06-21 21:24:44'),
 (3143,154374270,'2021-11-28 15:13:01'),
 (3149,126531072,'2021-07-13 11:06:38'),
 (3164,126531072,'2021-07-22 07:47:55'),
 (3181,154374270,'2021-12-05 13:53:42'),
 (3192,188985234,'2021-01-18 00:46:21'),
 (3195,188985234,'2021-01-18 23:39:42'),
 (3199,126531072,'2021-08-09 08:07:10'),
 (3202,188985234,'2021-01-25 07:47:20'),
 (3206,154374270,'2021-12-11 15:22:31'),
 (3207,188985234,'2021-02-01 07:54:25'),
 (3208,188985234,'2021-02-08 22:22:29'),
 (3211,126531072,'2021-08-24 14:03:36'),
 (3217,126531072,'2021-08-29 20:22:54'),
 (3223,154374270,'2021-12-18 17:47:48'),
 (3226,126531072,'2021-09-13 09:00:03'),
 (3232,126531072,'2021-09-20 11:01:00'),
 (3242,126531072,'2021-09-27 08:25:00'),
 (3266,154374270,'2021-12-25 11:29:41'),
 (3269,126531072,'2021-10-13 07:55:36'),
 (3271,126531072,'2021-10-18 19:01:08'),
 (3285,126531072,'2021-10-27 09:30:00'),
 (3300,126531072,'2021-11-08 10:34:08'),
 (3302,126531072,'2021-11-16 18:46:33'),
 (3314,126531072,'2021-11-22 10:20:00'),
 (3327,126531072,'2021-12-01 10:34:32'),
 (3337,126531072,'2021-12-06 10:35:15'),
 (3356,126531072,'2021-12-13 12:34:07'),
 (3365,126531072,'2021-12-21 10:29:56'),
 (3378,181195799,'2021-01-04 11:51:59'),
 (3403,153698964,'2021-01-10 23:52:49'),
 (3410,153698964,'2021-01-17 23:40:42'),
 (3419,153698964,'2021-01-24 23:57:05'),
 (3454,153698964,'2021-01-31 23:49:34'),
 (3455,181195799,'2021-01-12 15:34:51'),
 (3464,153698964,'2021-02-07 22:55:17'),
 (3473,153698964,'2021-02-14 23:51:41'),
 (3477,153698964,'2021-02-21 21:57:46'),
 (3479,153698964,'2021-02-28 23:50:01'),
 (3486,153698964,'2021-03-07 23:38:10'),
 (3511,153698964,'2021-03-14 22:00:05'),
 (3517,153698964,'2021-04-10 23:52:19'),
 (3543,153698964,'2021-04-18 23:23:22'),
 (3559,153698964,'2021-05-09 18:57:56'),
 (3560,153698964,'2021-05-16 09:57:03'),
 (3564,153698964,'2021-05-23 19:36:45'),
 (3570,153698964,'2021-05-29 18:50:54'),
 (3578,153698964,'2021-06-05 21:13:24'),
 (3582,153698964,'2021-06-13 10:56:21'),
 (3584,153698964,'2021-06-19 22:06:10'),
 (3586,153698964,'2021-06-27 09:48:39'),
 (3590,153698964,'2021-07-03 22:21:33'),
 (3594,153698964,'2021-07-11 10:43:09'),
 (3600,153698964,'2021-07-18 15:47:20'),
 (3602,153698964,'2021-07-20 15:00:10'),
 (3604,153698964,'2021-07-25 20:37:34'),
 (3609,153698964,'2021-07-31 19:02:02'),
 (3613,153698964,'2021-08-01 21:56:59'),
 (3615,153698964,'2021-08-07 20:38:01'),
 (3617,153698964,'2021-08-08 20:37:31'),
 (3619,181195799,'2021-02-01 09:00:09'),
 (3625,153698964,'2021-08-15 23:11:13'),
 (3629,153698964,'2021-08-22 21:36:45'),
 (3631,153698964,'2021-08-29 10:05:00'),
 (3733,153698964,'2021-09-05 23:57:08'),
 (3791,153698964,'2021-09-12 23:25:55'),
 (3801,153698964,'2021-09-19 16:33:17'),
 (3808,153698964,'2021-09-26 22:33:00'),
 (3810,153698964,'2021-10-03 09:26:32'),
 (3819,153698964,'2021-10-10 11:28:50'),
 (3822,182087795,'2021-01-01 20:57:25'),
 (3845,153698964,'2021-10-17 19:48:46'),
 (3852,182087795,'2021-01-10 21:32:00'),
 (3855,153698964,'2021-10-24 15:58:32'),
 (3858,153698964,'2021-10-31 22:21:57'),
 (3877,182087795,'2021-01-17 23:27:28'),
 (3906,41353389,'2021-01-01 23:20:31'),
 (3908,41353389,'2021-01-03 00:10:42'),
 (3915,181195799,'2021-03-01 07:20:00'),
 (3919,153698964,'2021-11-07 21:12:14'),
 (3925,153698964,'2021-11-14 11:16:13'),
 (3933,153698964,'2021-11-21 20:15:23'),
 (3938,182087795,'2021-01-24 23:29:25'),
 (3942,153698964,'2021-11-28 11:14:18'),
 (3958,41353389,'2021-01-10 22:35:42'),
 (3965,153698964,'2021-12-05 12:20:17'),
 (3970,153698964,'2021-12-12 11:02:15'),
 (3971,153698964,'2021-12-19 12:21:01'),
 (3982,41353389,'2021-01-18 13:55:38'),
 (4004,41353389,'2021-01-25 22:22:54'),
 (4029,41353389,'2021-02-02 21:18:31'),
 (4034,182087795,'2021-02-07 19:29:00'),
 (4040,41353389,'2021-02-08 00:09:52'),
 (4057,182087795,'2021-02-14 23:32:13'),
 (4124,182087795,'2021-02-22 20:29:35'),
 (4165,135010378,'2021-01-02 08:40:22'),
 (4169,181195799,'2021-03-31 07:07:00'),
 (4178,135010378,'2021-01-04 16:14:41'),
 (4184,135010378,'2021-01-05 17:06:02'),
 (4195,135010378,'2021-01-07 16:25:01'),
 (4199,135010378,'2021-01-08 15:28:14'),
 (4208,182087795,'2021-03-01 11:04:11'),
 (4210,135010378,'2021-01-09 16:18:29'),
 (4221,135010378,'2021-01-10 14:48:33'),
 (4233,135010378,'2021-01-11 15:45:24'),
 (4242,135010378,'2021-01-12 21:51:17'),
 (4247,135010378,'2021-01-13 15:11:39'),
 (4253,135010378,'2021-01-14 00:52:53'),
 (4254,135010378,'2021-01-14 13:37:09'),
 (4289,135010378,'2021-01-17 13:49:36'),
 (4296,135010378,'2021-01-18 15:55:00'),
 (4305,135010378,'2021-01-19 15:58:00'),
 (4308,182087795,'2021-03-07 23:21:58'),
 (4313,135010378,'2021-01-20 15:20:56'),
 (4319,135010378,'2021-01-21 15:58:00'),
 (4336,135010378,'2021-01-24 15:20:47'),
 (4347,135010378,'2021-01-27 15:21:24'),
 (4356,135010378,'2021-01-29 15:59:00'),
 (4364,135010378,'2021-01-31 15:10:16'),
 (4369,182087795,'2021-03-14 23:52:59'),
 (4370,135010378,'2021-02-01 15:59:00'),
 (4378,135010378,'2021-02-02 15:59:00'),
 (4383,135010378,'2021-02-03 15:58:00'),
 (4443,182087795,'2021-03-21 21:05:12'),
 (4449,181195799,'2021-05-01 18:53:00'),
 (4515,182087795,'2021-03-28 16:44:00'),
 (4564,182087795,'2021-04-04 19:22:12'),
 (4612,182087795,'2021-04-11 19:30:00'),
 (4614,182087795,'2021-04-18 22:02:06'),
 (4653,182087795,'2021-04-25 10:06:37'),
 (5947,182087795,'2021-10-18 11:00:02'),
 (9113,123291203,'2021-01-01 15:09:00'),
 (9681,166228260,'2021-01-01 11:00:04'),
 (12881,166228260,'2021-11-21 18:32:37'),
 (13104,166228260,'2021-12-15 15:54:07'),
 (13136,166228260,'2021-12-20 19:00:00'),
 (13217,166228260,'2021-12-26 08:00:00');
INSERT INTO "hash_tag" ("post_hash_id","post_id","tag","user_id") VALUES (2578,528,'week51',196480810),
 (2579,528,'английский',196480810),
 (2580,528,'китайский',196480810),
 (2581,528,'русский',196480810),
 (2582,528,'японский',196480810),
 (2583,528,'итоги',196480810),
 (2584,1,'английский',209779350),
 (2585,1,'корейский',209779350),
 (2586,1023,'корейский',198935420),
 (2587,1023,'английский',198935420),
 (2588,1023,'испанский',198935420),
 (2589,1023,'румынский',198935420),
 (2590,1023,'русский',198935420),
 (2591,1023,'итоги',198935420),
 (2592,1022,'корейский',198935420),
 (2593,1022,'английский',198935420),
 (2594,1022,'испанский',198935420),
 (2595,1022,'румынский',198935420),
 (2596,1022,'русский',198935420),
 (2597,1022,'week51',198935420),
 (2598,13217,'итоги',166228260),
 (2599,3266,'week51',154374270),
 (2600,3266,'польский',154374270),
 (2601,3266,'русский',154374270),
 (2602,520,'week50',176274365),
 (2603,520,'немецкий',176274365),
 (2604,1468,'рекомендации',178142840),
 (2605,1468,'чешский',178142840),
 (2606,1079,'week50',121655298),
 (2607,1079,'польский',121655298),
 (2608,1079,'русский',121655298),
 (2609,1247,'week47',134647678),
 (2610,1247,'week48',134647678),
 (2611,1247,'week49',134647678),
 (2612,1247,'week50',134647678),
 (2613,1247,'немецкий',134647678),
 (2614,1247,'русский',134647678),
 (2615,1247,'итальянский',134647678),
 (2616,1247,'английский',134647678),
 (2617,1012,'everyday',198935420),
 (2618,1986,'week50',154690254),
 (2619,1986,'русский',154690254),
 (2620,911,'японский',135202265),
 (2621,911,'русский',135202265),
 (2622,911,'английский',135202265),
 (2623,911,'week50',135202265),
 (2624,13136,'everyday',166228260),
 (2625,13136,'week1',166228260),
 (2626,13136,'everyday',166228260),
 (2627,13136,'корейский',166228260),
 (2628,13136,'английский',166228260),
 (2629,13136,'рекомендации',166228260),
 (2630,2401,'русский',79012646),
 (2631,2401,'корейский',79012646),
 (2632,2401,'английский',79012646),
 (2633,2401,'week50',79012646),
 (2634,1068,'week50',197094408),
 (2635,29,'русский',606409945),
 (2636,782,'week50',198944960),
 (2637,782,'итальянский',198944960),
 (2638,1006,'корейский',198935420),
 (2639,1006,'английский',198935420),
 (2640,1006,'испанский',198935420),
 (2641,1006,'румынский',198935420),
 (2642,1006,'русский',198935420),
 (2643,1006,'week50',198935420),
 (2644,3223,'week50',154374270),
 (2645,3223,'польский',154374270),
 (2646,3223,'русский',154374270),
 (2647,519,'week49',176274365),
 (2648,519,'немецкий',176274365),
 (2649,1961,'week49',154690254),
 (2650,1961,'французский',154690254),
 (2651,1961,'русский',154690254),
 (2652,1961,'английский',154690254),
 (2653,28,'русский',606409945),
 (2654,28,'корейский',606409945),
 (2655,1910,'турецкий',163946960),
 (2656,1910,'week49',163946960),
 (2657,27,'русский',606409945),
 (2658,27,'немецкий',606409945),
 (2659,1577,'русский',176692851),
 (2660,1577,'английский',176692851),
 (2661,1577,'week49',176692851),
 (2662,1076,'week49',121655298),
 (2663,1076,'польский',121655298),
 (2664,1076,'русский',121655298),
 (2665,1060,'week49',197094408),
 (2666,907,'японский',135202265),
 (2667,907,'русский',135202265),
 (2668,907,'week49',135202265),
 (2669,2386,'русский',79012646),
 (2670,2386,'корейский',79012646),
 (2671,2386,'английский',79012646),
 (2672,2386,'week49',79012646),
 (2673,996,'корейский',198935420),
 (2674,996,'английский',198935420),
 (2675,996,'испанский',198935420),
 (2676,996,'румынский',198935420),
 (2677,996,'русский',198935420),
 (2678,996,'week49',198935420),
 (2679,774,'week49',198944960),
 (2680,774,'итальянский',198944960),
 (2681,3206,'week49',154374270),
 (2682,3206,'польский',154374270),
 (2683,3206,'русский',154374270),
 (2684,518,'week48',176274365),
 (2685,518,'немецкий',176274365),
 (2686,1067,'week48',121655298),
 (2687,1067,'польский',121655298),
 (2688,1067,'русский',121655298),
 (2689,1536,'русский',176692851),
 (2690,1536,'английский',176692851),
 (2691,1536,'week48',176692851),
 (2692,1907,'турецкий',163946960),
 (2693,1907,'week48',163946960),
 (2694,1934,'week48',154690254),
 (2695,1934,'французский',154690254),
 (2696,1934,'русский',154690254),
 (2697,1934,'английский',154690254),
 (2698,898,'польский',135202265),
 (2699,898,'русский',135202265),
 (2700,898,'week48',135202265),
 (2701,980,'корейский',198935420),
 (2702,751,'week48',198944960),
 (2703,751,'итальянский',198944960),
 (2704,2362,'русский',79012646),
 (2705,2362,'корейский',79012646),
 (2706,2362,'английский',79012646),
 (2707,2362,'week48',79012646),
 (2708,977,'корейский',198935420),
 (2709,977,'английский',198935420),
 (2710,977,'испанский',198935420),
 (2711,977,'румынский',198935420),
 (2712,977,'русский',198935420),
 (2713,977,'week48',198935420),
 (2714,3181,'week48',154374270),
 (2715,3181,'польский',154374270),
 (2716,3181,'русский',154374270),
 (2717,515,'week48',196480810),
 (2718,515,'английский',196480810),
 (2719,515,'китайский',196480810),
 (2720,515,'русский',196480810),
 (2721,515,'японский',196480810),
 (2722,1039,'week48',197094408),
 (2723,972,'корейский',198935420),
 (2724,514,'week47',176274365),
 (2725,514,'немецкий',176274365),
 (2726,1900,'турецкий',163946960),
 (2727,1900,'week48',163946960),
 (2728,1899,'турецкий',163946960),
 (2729,1899,'week48',163946960),
 (2730,1898,'турецкий',163946960),
 (2731,1898,'week48',163946960),
 (2732,1502,'русский',176692851),
 (2733,1502,'английский',176692851),
 (2734,1502,'week47',176692851),
 (2735,1905,'week47',154690254),
 (2736,1905,'французский',154690254),
 (2737,1905,'русский',154690254),
 (2738,1905,'английский',154690254),
 (2739,888,'польский',135202265),
 (2740,888,'японский',135202265),
 (2741,888,'week47',135202265),
 (2742,1035,'week47',197094408),
 (2743,1035,'week47',121655298),
 (2744,1035,'польский',121655298),
 (2745,1035,'русский',121655298),
 (2746,1035,'румынский',121655298),
 (2747,2476,'корейский',189200969),
 (2748,2476,'английский',189200969),
 (2749,2476,'week47',189200969),
 (2750,723,'week47',198944960),
 (2751,723,'итальянский',198944960),
 (2752,2343,'русский',79012646),
 (2753,2343,'корейский',79012646),
 (2754,2343,'английский',79012646),
 (2755,2343,'week47',79012646),
 (2756,499,'week47',196480810),
 (2757,499,'английский',196480810),
 (2758,499,'китайский',196480810),
 (2759,499,'русский',196480810),
 (2760,499,'японский',196480810),
 (2761,3143,'week47',154374270),
 (2762,3143,'польский',154374270),
 (2763,3143,'русский',154374270),
 (2764,960,'корейский',198935420),
 (2765,960,'английский',198935420),
 (2766,960,'испанский',198935420),
 (2767,960,'румынский',198935420),
 (2768,960,'русский',198935420),
 (2769,960,'week47',198935420),
 (2770,1172,'week44',134647678),
 (2771,1172,'week45',134647678),
 (2772,1172,'week46',134647678),
 (2773,1172,'немецкий',134647678),
 (2774,1172,'корейский',134647678),
 (2775,1172,'русский',134647678),
 (2776,1172,'итальянский',134647678),
 (2777,1172,'английский',134647678),
 (2778,512,'week46',176274365),
 (2779,512,'немецкий',176274365),
 (2780,959,'корейский',198935420),
 (2781,949,'корейский',198935420),
 (2782,1882,'турецкий',163946960),
 (2783,1882,'week47',163946960),
 (2784,1487,'русский',176692851),
 (2785,1487,'английский',176692851),
 (2786,1487,'week46',176692851),
 (2787,1022,'week46',121655298),
 (2788,1022,'польский',121655298),
 (2789,1022,'русский',121655298),
 (2790,1022,'румынский',121655298),
 (2791,1886,'week45',154690254),
 (2792,1886,'французский',154690254),
 (2793,1886,'русский',154690254),
 (2794,1886,'английский',154690254),
 (2795,1886,'английский',154690254),
 (2796,1026,'week46',197094408),
 (2797,2431,'корейский',189200969),
 (2798,2431,'английский',189200969),
 (2799,2431,'week46',189200969),
 (2800,874,'польский',135202265),
 (2801,874,'английский',135202265),
 (2802,874,'week46',135202265),
 (2803,715,'week46',198944960),
 (2804,715,'итальянский',198944960),
 (2805,2329,'русский',79012646),
 (2806,2329,'корейский',79012646),
 (2807,2329,'английский',79012646),
 (2808,2329,'week46',79012646),
 (2809,932,'корейский',198935420),
 (2810,932,'английский',198935420),
 (2811,932,'испанский',198935420),
 (2812,932,'румынский',198935420),
 (2813,932,'русский',198935420),
 (2814,932,'week46',198935420),
 (2815,3122,'week46',154374270),
 (2816,3122,'польский',154374270),
 (2817,3122,'русский',154374270),
 (2818,1476,'русский',176692851),
 (2819,1476,'английский',176692851),
 (2820,1476,'week45',176692851),
 (2821,504,'week45',176274365),
 (2822,504,'немецкий',176274365),
 (2823,872,'польский',135202265),
 (2824,872,'английский',135202265),
 (2825,872,'week45',135202265),
 (2826,705,'week45',198944960),
 (2827,705,'итальянский',198944960),
 (2828,930,'корейский',198935420),
 (2829,1873,'week44',154690254),
 (2830,1873,'французский',154690254),
 (2831,1873,'русский',154690254),
 (2832,1873,'английский',154690254),
 (2833,1873,'английский',154690254),
 (2834,1861,'турецкий',163946960),
 (2835,1861,'week46',163946960),
 (2836,2415,'корейский',189200969),
 (2837,2415,'английский',189200969),
 (2838,2415,'week45',189200969),
 (2839,1015,'week45',121655298),
 (2840,1015,'русский',121655298),
 (2841,1015,'польский',121655298),
 (2842,1015,'румынский',121655298),
 (2843,2322,'русский',79012646),
 (2844,2322,'корейский',79012646),
 (2845,2322,'английский',79012646),
 (2846,2322,'python',79012646),
 (2847,2322,'программирование',79012646),
 (2848,2322,'week45',79012646),
 (2849,496,'week45',196480810),
 (2850,496,'английский',196480810),
 (2851,496,'китайский',196480810),
 (2852,496,'русский',196480810),
 (2853,496,'японский',196480810),
 (2854,922,'корейский',198935420),
 (2855,3093,'week45',154374270),
 (2856,3093,'польский',154374270),
 (2857,3093,'русский',154374270),
 (2858,1011,'week45',197094408),
 (2859,503,'week44',176274365),
 (2860,503,'немецкий',176274365),
 (2861,1863,'week43',154690254),
 (2862,1863,'французский',154690254),
 (2863,1863,'русский',154690254),
 (2864,1863,'английский',154690254),
 (2865,1863,'английский',154690254),
 (2866,1010,'week44',121655298),
 (2867,1010,'русский',121655298),
 (2868,1010,'польский',121655298),
 (2869,1010,'румынский',121655298),
 (2870,2400,'корейский',189200969),
 (2871,2400,'английский',189200969),
 (2872,2400,'week44',189200969),
 (2873,694,'week44',198944960),
 (2874,694,'итальянский',198944960),
 (2875,2318,'русский',79012646),
 (2876,2318,'корейский',79012646),
 (2877,2318,'английский',79012646),
 (2878,2318,'week44',79012646),
 (2879,860,'польский',135202265),
 (2880,860,'японский',135202265),
 (2881,860,'week44',135202265),
 (2882,3087,'week44',154374270),
 (2883,3087,'польский',154374270),
 (2884,3087,'русский',154374270),
 (2885,3087,'белорусский',154374270),
 (2886,495,'week44',196480810),
 (2887,495,'английский',196480810),
 (2888,495,'китайский',196480810),
 (2889,495,'русский',196480810),
 (2890,495,'японский',196480810),
 (2891,962,'week44',197094408),
 (2892,918,'корейский',198935420),
 (2893,1126,'week43',134647678),
 (2894,1126,'корейский',134647678),
 (2895,1126,'итальянский',134647678),
 (2896,1126,'немецкий',134647678),
 (2897,1126,'английский',134647678),
 (2898,915,'корейский',198935420),
 (2899,502,'week43',176274365),
 (2900,502,'немецкий',176274365),
 (2901,1848,'week42',154690254),
 (2902,1848,'французский',154690254),
 (2903,1848,'русский',154690254),
 (2904,1848,'английский',154690254),
 (2905,1848,'английский',154690254),
 (2906,1435,'русский',176692851),
 (2907,1435,'английский',176692851),
 (2908,1435,'week43',176692851),
 (2909,1854,'турецкий',163946960),
 (2910,1854,'week43',163946960),
 (2911,1003,'week43',121655298),
 (2912,1003,'русский',121655298),
 (2913,1003,'польский',121655298),
 (2914,1003,'румынский',121655298),
 (2915,2378,'корейский',189200969),
 (2916,2378,'английский',189200969),
 (2917,2378,'week43',189200969),
 (2918,859,'польский',135202265),
 (2919,859,'японский',135202265),
 (2920,859,'week43',135202265),
 (2921,681,'week43',198944960),
 (2922,681,'итальянский',198944960),
 (2923,2301,'русский',79012646),
 (2924,2301,'корейский',79012646),
 (2925,2301,'английский',79012646),
 (2926,2301,'week43',79012646),
 (2927,487,'week43',196480810),
 (2928,487,'английский',196480810),
 (2929,487,'китайский',196480810),
 (2930,487,'русский',196480810),
 (2931,487,'японский',196480810),
 (2932,946,'week43',197094408),
 (2933,3072,'week43',154374270),
 (2934,3072,'польский',154374270),
 (2935,3072,'русский',154374270),
 (2936,909,'корейский',198935420),
 (2937,903,'корейский',198935420),
 (2938,501,'week42',176274365),
 (2939,501,'немецкий',176274365),
 (2940,1000,'week42',121655298),
 (2941,1000,'польский',121655298),
 (2942,1000,'румынский',121655298),
 (2943,1000,'русский',121655298),
 (2944,898,'корейский',198935420),
 (2945,1838,'week41',154690254),
 (2946,1838,'французский',154690254),
 (2947,1838,'русский',154690254),
 (2948,1838,'английский',154690254),
 (2949,1838,'английский',154690254),
 (2950,1421,'русский',176692851),
 (2951,1421,'английский',176692851),
 (2952,1421,'week42',176692851),
 (2953,2286,'русский',79012646),
 (2954,2286,'корейский',79012646),
 (2955,2286,'английский',79012646),
 (2956,2286,'python',79012646),
 (2957,2286,'программирование',79012646),
 (2958,2286,'week42',79012646),
 (2959,655,'week42',198944960),
 (2960,655,'итальянский',198944960),
 (2961,1081,'week40',134647678),
 (2962,1081,'week41',134647678),
 (2963,1081,'week42',134647678),
 (2964,1081,'русский',134647678),
 (2965,1081,'итальянский',134647678),
 (2966,1081,'английский',134647678),
 (2967,2355,'корейский',189200969),
 (2968,2355,'английский',189200969),
 (2969,2355,'week42',189200969),
 (2970,3062,'week42',154374270),
 (2971,3062,'польский',154374270),
 (2972,3062,'русский',154374270),
 (2973,855,'польский',135202265),
 (2974,855,'японский',135202265),
 (2975,855,'week42',135202265),
 (2976,485,'week42',196480810),
 (2977,485,'английский',196480810),
 (2978,485,'китайский',196480810),
 (2979,485,'русский',196480810),
 (2980,485,'японский',196480810),
 (2981,930,'week42',197094408),
 (2982,1411,'русский',176692851),
 (2983,1411,'английский',176692851),
 (2984,1411,'week41',176692851),
 (2985,215,'week39',201524013),
 (2986,215,'week40',201524013),
 (2987,215,'week41',201524013),
 (2988,215,'испанский',201524013),
 (2989,994,'week41',121655298),
 (2990,994,'польский',121655298),
 (2991,994,'румынский',121655298),
 (2992,994,'русский',121655298),
 (2993,500,'week39',176274365),
 (2994,500,'немецкий',176274365),
 (2995,1826,'week40',154690254),
 (2996,1826,'французский',154690254),
 (2997,1826,'русский',154690254),
 (2998,1826,'английский',154690254),
 (2999,1826,'английский',154690254),
 (3000,2259,'русский',79012646),
 (3001,2259,'корейский',79012646),
 (3002,2259,'английский',79012646),
 (3003,2259,'week41',79012646),
 (3004,892,'корейский',198935420),
 (3005,964,'английский',174410986),
 (3006,964,'week41',174410986),
 (3007,1842,'турецкий',163946960),
 (3008,1842,'week42',163946960),
 (3009,2337,'корейский',189200969),
 (3010,2337,'английский',189200969),
 (3011,2337,'week41',189200969),
 (3012,645,'week41',198944960),
 (3013,645,'итальянский',198944960),
 (3014,922,'week41',197094408),
 (3015,484,'week41',196480810),
 (3016,484,'английский',196480810),
 (3017,484,'китайский',196480810),
 (3018,484,'русский',196480810),
 (3019,484,'японский',196480810),
 (3020,3050,'week41',154374270),
 (3021,3050,'польский',154374270),
 (3022,3050,'белорусский',154374270),
 (3023,3050,'русский',154374270),
 (3024,849,'польский',135202265),
 (3025,849,'японский',135202265),
 (3026,849,'week41',135202265),
 (3027,1819,'week39',154690254),
 (3028,1819,'week40',154690254),
 (3029,1819,'русский',154690254),
 (3030,1819,'французский',154690254),
 (3031,1819,'русский',154690254),
 (3032,1819,'английский',154690254),
 (3033,1819,'английский',154690254),
 (3034,888,'корейский',198935420),
 (3035,886,'корейский',198935420),
 (3036,884,'корейский',198935420),
 (3037,642,'week40',198944960),
 (3038,642,'итальянский',198944960),
 (3039,985,'week40',121655298),
 (3040,985,'польский',121655298),
 (3041,985,'русский',121655298),
 (3042,2253,'русский',79012646),
 (3043,2253,'корейский',79012646),
 (3044,2253,'английский',79012646),
 (3045,2253,'программирование',79012646),
 (3046,2253,'week40',79012646),
 (3047,2320,'корейский',189200969),
 (3048,2320,'английский',189200969),
 (3049,2320,'week40',189200969),
 (3050,847,'польский',135202265),
 (3051,847,'японский',135202265),
 (3052,847,'week40',135202265),
 (3053,904,'русский',197094408),
 (3054,904,'week40',197094408),
 (3055,3034,'week40',154374270),
 (3056,3034,'польский',154374270),
 (3057,3034,'белорусский',154374270),
 (3058,3034,'русский',154374270),
 (3059,942,'английский',174410986),
 (3060,942,'week40',174410986),
 (3061,880,'корейский',198935420),
 (3062,476,'week40',196480810),
 (3063,476,'английский',196480810),
 (3064,476,'китайский',196480810),
 (3065,476,'русский',196480810),
 (3066,476,'японский',196480810),
 (3067,879,'корейский',198935420),
 (3068,875,'корейский',198935420),
 (3069,870,'корейский',198935420),
 (3070,976,'week39',121655298),
 (3071,976,'польский',121655298),
 (3072,976,'русский',121655298),
 (3073,2240,'русский',79012646),
 (3074,2240,'корейский',79012646),
 (3075,2240,'английский',79012646),
 (3076,2240,'программирование',79012646),
 (3077,2240,'week39',79012646),
 (3078,1051,'week34',134647678),
 (3079,1051,'week38',134647678),
 (3080,1051,'week39',134647678),
 (3081,1051,'русский',134647678),
 (3082,1051,'итальянский',134647678),
 (3083,1826,'турецкий',163946960),
 (3084,1826,'week40',163946960),
 (3085,2285,'корейский',189200969),
 (3086,2285,'английский',189200969),
 (3087,2285,'week39',189200969),
 (3088,844,'русский',135202265),
 (3089,844,'польский',135202265),
 (3090,844,'японский',135202265),
 (3091,844,'week39',135202265),
 (3092,634,'week39',198944960),
 (3093,634,'итальянский',198944960),
 (3094,475,'week39',196480810),
 (3095,475,'английский',196480810),
 (3096,475,'китайский',196480810),
 (3097,475,'русский',196480810),
 (3098,475,'японский',196480810),
 (3099,895,'week39',197094408),
 (3100,3026,'week39',154374270),
 (3101,3026,'польский',154374270),
 (3102,3026,'белорусский',154374270),
 (3103,3026,'русский',154374270),
 (3104,497,'week38',176274365),
 (3105,497,'немецкий',176274365),
 (3106,194,'week38',201524013),
 (3107,194,'испанский',201524013),
 (3108,957,'week38',121655298),
 (3109,957,'польский',121655298),
 (3110,957,'русский',121655298),
 (3111,868,'корейский',198935420),
 (3112,2233,'русский',79012646),
 (3113,2233,'корейский',79012646),
 (3114,2233,'английский',79012646),
 (3115,2233,'python',79012646),
 (3116,2233,'программирование',79012646),
 (3117,2233,'week38',79012646),
 (3118,89,'английский',201505809),
 (3119,829,'русский',135202265),
 (3120,829,'польский',135202265),
 (3121,829,'японский',135202265),
 (3122,829,'week38',135202265),
 (3123,1822,'турецкий',163946960),
 (3124,1822,'week39',163946960),
 (3125,1786,'week38',154690254),
 (3126,1786,'русский',154690254),
 (3127,1786,'французский',154690254),
 (3128,1786,'русский',154690254),
 (3129,1786,'английский',154690254),
 (3130,1786,'английский',154690254),
 (3131,2255,'корейский',189200969),
 (3132,2255,'английский',189200969),
 (3133,2255,'week38',189200969),
 (3134,3014,'week38',154374270),
 (3135,3014,'польский',154374270),
 (3136,3014,'русский',154374270),
 (3137,3014,'белорусский',154374270),
 (3138,1379,'русский',176692851),
 (3139,1379,'английский',176692851),
 (3140,1379,'week38',176692851),
 (3141,866,'корейский',198935420),
 (3142,866,'английский',198935420),
 (3143,866,'русский',198935420),
 (3144,866,'week37',198935420),
 (3145,866,'week38',198935420),
 (3146,232,'корейский',201513094),
 (3147,854,'корейский',198935420),
 (3148,464,'week38',196480810),
 (3149,464,'английский',196480810),
 (3150,464,'китайский',196480810),
 (3151,464,'русский',196480810),
 (3152,464,'японский',196480810),
 (3153,859,'week38',197094408),
 (3154,1530,'польский',64636104),
 (3155,1530,'белорусский',64636104),
 (3156,493,'week36',176274365),
 (3157,493,'week37',176274365),
 (3158,493,'немецкий',176274365),
 (3159,2227,'русский',79012646),
 (3160,2227,'корейский',79012646),
 (3161,2227,'английский',79012646),
 (3162,2227,'python',79012646),
 (3163,2227,'программирование',79012646),
 (3164,2227,'week37',79012646),
 (3165,190,'week37',201524013),
 (3166,190,'испанский',201524013),
 (3167,1066,'итальянский',190923273),
 (3168,1066,'week36',190923273),
 (3169,1066,'week37',190923273),
 (3170,1773,'week37',154690254),
 (3171,1773,'русский',154690254),
 (3172,1773,'французский',154690254),
 (3173,1773,'русский',154690254),
 (3174,1773,'английский',154690254),
 (3175,1773,'английский',154690254),
 (3176,3005,'week37',154374270),
 (3177,3005,'польский',154374270),
 (3178,3005,'русский',154374270),
 (3179,3005,'белорусский',154374270),
 (3180,1368,'русский',176692851),
 (3181,1368,'английский',176692851),
 (3182,1368,'week37',176692851),
 (3183,944,'week37',121655298),
 (3184,944,'польский',121655298),
 (3185,944,'русский',121655298),
 (3186,2223,'корейский',189200969),
 (3187,2223,'английский',189200969),
 (3188,2223,'week37',189200969),
 (3189,1816,'турецкий',163946960),
 (3190,1816,'week38',163946960),
 (3191,612,'week37',198944960),
 (3192,612,'итальянский',198944960),
 (3193,825,'английский',135202265),
 (3194,825,'польский',135202265),
 (3195,825,'week37',135202265),
 (3196,3801,'week36',153698964),
 (3197,831,'week37',197094408),
 (3198,188,'week34',201524013),
 (3199,188,'week35',201524013),
 (3200,188,'week36',201524013),
 (3201,188,'испанский',201524013),
 (3202,2208,'русский',79012646),
 (3203,2208,'корейский',79012646),
 (3204,2208,'английский',79012646),
 (3205,2208,'python',79012646),
 (3206,2208,'программирование',79012646),
 (3207,2208,'week36',79012646),
 (3208,932,'week36',121655298),
 (3209,932,'польский',121655298),
 (3210,932,'русский',121655298),
 (3211,1025,'week34',134647678),
 (3212,1025,'week35',134647678),
 (3213,1025,'week36',134647678),
 (3214,1025,'немецкий',134647678),
 (3215,1755,'week36',154690254),
 (3216,1755,'русский',154690254),
 (3217,1755,'французский',154690254),
 (3218,1755,'русский',154690254),
 (3219,1755,'английский',154690254),
 (3220,1755,'английский',154690254),
 (3221,824,'английский',135202265),
 (3222,824,'польский',135202265),
 (3223,824,'week36',135202265),
 (3224,1801,'турецкий',163946960),
 (3225,1801,'week37',163946960),
 (3226,3791,'week35',153698964),
 (3227,2212,'корейский',189200969),
 (3228,2212,'английский',189200969),
 (3229,2212,'week36',189200969),
 (3230,599,'week36',198944960),
 (3231,599,'итальянский',198944960),
 (3232,845,'корейский',198935420),
 (3233,845,'английский',198935420),
 (3234,845,'русский',198935420),
 (3235,845,'week36',198935420),
 (3236,801,'week36',197094408),
 (3237,166,'week36',170004134),
 (3238,166,'художественные',170004134),
 (3239,166,'корейский',170004134),
 (3240,166,'карьера',170004134),
 (3241,2988,'week36',154374270),
 (3242,2988,'польский',154374270),
 (3243,2988,'русский',154374270),
 (3244,1332,'русский',176692851),
 (3245,1332,'английский',176692851),
 (3246,1332,'week36',176692851),
 (3247,456,'week36',196480810),
 (3248,456,'английский',196480810),
 (3249,456,'китайский',196480810),
 (3250,456,'русский',196480810),
 (3251,456,'японский',196480810),
 (3252,492,'week35',176274365),
 (3253,492,'немецкий',176274365),
 (3254,843,'корейский',198935420),
 (3255,454,'русский',196480810),
 (3256,1326,'русский',176692851),
 (3257,1326,'английский',176692851),
 (3258,3733,'week34',153698964),
 (3259,817,'английский',135202265),
 (3260,817,'испанский',135202265),
 (3261,817,'week35',135202265),
 (3262,927,'week35',121655298),
 (3263,927,'польский',121655298),
 (3264,927,'русский',121655298),
 (3265,2185,'корейский',189200969),
 (3266,2185,'английский',189200969),
 (3267,2185,'week35',189200969),
 (3268,841,'корейский',198935420),
 (3269,841,'английский',198935420),
 (3270,841,'русский',198935420),
 (3271,841,'week34',198935420),
 (3272,841,'week35',198935420),
 (3273,1740,'week35',154690254),
 (3274,1740,'русский',154690254),
 (3275,1740,'французский',154690254),
 (3276,1740,'русский',154690254),
 (3277,1740,'английский',154690254),
 (3278,1740,'английский',154690254),
 (3279,587,'week35',198944960),
 (3280,587,'итальянский',198944960),
 (3281,2194,'русский',79012646),
 (3282,2194,'корейский',79012646),
 (3283,2194,'английский',79012646),
 (3284,2194,'python',79012646),
 (3285,2194,'программирование',79012646),
 (3286,2194,'week35',79012646),
 (3287,2974,'week35',154374270),
 (3288,2974,'польский',154374270),
 (3289,2974,'русский',154374270),
 (3290,1022,'итальянский',190923273),
 (3291,1022,'week35',190923273),
 (3292,491,'week34',176274365),
 (3293,491,'немецкий',176274365),
 (3294,728,'план',197094408),
 (3295,728,'русский',197094408),
 (3296,728,'иврит',197094408),
 (3297,728,'немецкий',197094408),
 (3298,164,'week35',170004134),
 (3299,164,'художественные',170004134),
 (3300,164,'корейский',170004134),
 (3301,164,'карьера',170004134),
 (3302,1121,'план',199603398),
 (3303,1121,'корейский',199603398),
 (3304,835,'корейский',198935420),
 (3305,833,'корейский',198935420),
 (3306,615,'корейский',200234031),
 (3307,614,'корейский',200234031),
 (3308,613,'корейский',200234031),
 (3309,913,'week34',121655298),
 (3310,913,'русский',121655298),
 (3311,913,'польский',121655298),
 (3312,913,'английский',121655298),
 (3313,2159,'русский',79012646),
 (3314,2159,'корейский',79012646),
 (3315,2159,'английский',79012646),
 (3316,2159,'python',79012646),
 (3317,2159,'программирование',79012646),
 (3318,2159,'week34',79012646),
 (3319,1784,'турецкий',163946960),
 (3320,1784,'week35',163946960),
 (3321,1783,'турецкий',163946960),
 (3322,1783,'week35',163946960),
 (3323,1021,'итальянский',190923273),
 (3324,1021,'week34',190923273),
 (3325,807,'русский',135202265),
 (3326,807,'английский',135202265),
 (3327,807,'испанский',135202265),
 (3328,807,'week34',135202265),
 (3329,2168,'корейский',189200969),
 (3330,2168,'английский',189200969),
 (3331,2168,'week34',189200969),
 (3332,570,'week34',198944960),
 (3333,570,'итальянский',198944960),
 (3334,1725,'week34',154690254),
 (3335,1725,'русский',154690254),
 (3336,1725,'французский',154690254),
 (3337,1725,'русский',154690254),
 (3338,1725,'английский',154690254),
 (3339,1725,'английский',154690254),
 (3340,714,'week34',197094408),
 (3341,2959,'week34',154374270),
 (3342,2959,'польский',154374270),
 (3343,2959,'русский',154374270),
 (3344,219,'корейский',201513094),
 (3345,985,'week33',134647678),
 (3346,985,'немецкий',134647678),
 (3347,985,'английский',134647678),
 (3348,486,'week33',176274365),
 (3349,486,'немецкий',176274365),
 (3350,1012,'итальянский',190923273),
 (3351,1012,'week34',190923273),
 (3352,349,'русский',195892557),
 (3353,1706,'week32',154690254),
 (3354,1706,'week33',154690254),
 (3355,1706,'французский',154690254),
 (3356,1706,'русский',154690254),
 (3357,1706,'английский',154690254),
 (3358,1706,'английский',154690254),
 (3359,609,'корейский',200234031),
 (3360,998,'итальянский',190923273),
 (3361,998,'week34',190923273),
 (3362,179,'week33',201524013),
 (3363,179,'испанский',201524013),
 (3364,607,'корейский',200234031),
 (3365,606,'корейский',200234031),
 (3366,217,'корейский',201513094),
 (3367,909,'week33',121655298),
 (3368,909,'русский',121655298),
 (3369,909,'польский',121655298),
 (3370,909,'английский',121655298),
 (3371,2123,'русский',79012646),
 (3372,2123,'корейский',79012646),
 (3373,2123,'английский',79012646),
 (3374,2123,'week33',79012646),
 (3375,970,'week32',134647678),
 (3376,970,'немецкий',134647678),
 (3377,959,'итальянский',190923273),
 (3378,959,'week33',190923273),
 (3379,801,'русский',135202265),
 (3380,801,'английский',135202265),
 (3381,801,'week33',135202265),
 (3382,3629,'week32',153698964),
 (3383,2154,'корейский',189200969),
 (3384,2154,'английский',189200969),
 (3385,2154,'week33',189200969),
 (3386,549,'week32',198944960),
 (3387,549,'итальянский',198944960),
 (3388,830,'корейский',198935420),
 (3389,830,'английский',198935420),
 (3390,830,'румынский',198935420),
 (3391,830,'week32',198935420),
 (3392,830,'week33',198935420),
 (3393,1528,'английский',64636104),
 (3394,1528,'английский',64636104),
 (3395,1528,'польский',64636104),
 (3396,1760,'турецкий',163946960),
 (3397,1760,'week34',163946960),
 (3398,2938,'week33',154374270),
 (3399,2938,'польский',154374270),
 (3400,2938,'русский',154374270),
 (3401,431,'week33',196480810),
 (3402,431,'английский',196480810),
 (3403,431,'китайский',196480810),
 (3404,431,'русский',196480810),
 (3405,431,'японский',196480810),
 (3406,483,'week32',176274365),
 (3407,483,'немецкий',176274365),
 (3408,685,'week33',197094408),
 (3409,685,'русский',197094408),
 (3410,937,'итальянский',190923273),
 (3411,937,'week33',190923273),
 (3412,936,'итальянский',190923273),
 (3413,936,'week33',190923273),
 (3414,204,'корейский',201513094),
 (3415,202,'корейский',201513094),
 (3416,828,'корейский',198935420),
 (3417,2119,'русский',79012646),
 (3418,2119,'корейский',79012646),
 (3419,2119,'английский',79012646),
 (3420,2119,'week32',79012646),
 (3421,907,'week32',121655298),
 (3422,907,'русский',121655298),
 (3423,907,'польский',121655298),
 (3424,907,'английский',121655298),
 (3425,3625,'week31',153698964),
 (3426,927,'итальянский',190923273),
 (3427,927,'week32',190923273),
 (3428,2137,'корейский',189200969),
 (3429,2137,'английский',189200969),
 (3430,2137,'week32',189200969),
 (3431,534,'week32',198944960),
 (3432,534,'итальянский',198944960),
 (3433,967,'week31',134647678),
 (3434,967,'week30',134647678),
 (3435,967,'английский',134647678),
 (3436,1751,'турецкий',163946960),
 (3437,1751,'week33',163946960),
 (3438,797,'испанский',135202265),
 (3439,797,'английский',135202265),
 (3440,797,'week32',135202265),
 (3441,178,'week32',201524013),
 (3442,178,'испанский',201524013),
 (3443,2911,'week32',154374270),
 (3444,2911,'польский',154374270),
 (3445,2911,'русский',154374270),
 (3446,427,'week32',196480810),
 (3447,427,'английский',196480810),
 (3448,427,'китайский',196480810),
 (3449,427,'русский',196480810),
 (3450,427,'японский',196480810),
 (3451,826,'корейский',198935420),
 (3452,479,'week31',176274365),
 (3453,479,'немецкий',176274365),
 (3454,926,'итальянский',190923273),
 (3455,926,'week31',190923273),
 (3456,1745,'турецкий',163946960),
 (3457,1745,'week33',163946960),
 (3458,1744,'турецкий',163946960),
 (3459,1744,'week33',163946960),
 (3460,1743,'турецкий',163946960),
 (3461,1743,'week33',163946960),
 (3462,822,'корейский',198935420),
 (3463,677,'32',197094408),
 (3464,326,'английский',195892557),
 (3465,326,'русский',195892557),
 (3466,923,'итальянский',190923273),
 (3467,923,'week31',190923273),
 (3468,820,'корейский',198935420),
 (3469,322,'английский',195892557),
 (3470,322,'русский',195892557),
 (3471,819,'корейский',198935420),
 (3472,922,'итальянский',190923273),
 (3473,922,'week31',190923273),
 (3474,899,'week31',121655298),
 (3475,899,'русский',121655298),
 (3476,899,'польский',121655298),
 (3477,899,'английский',121655298),
 (3478,1661,'week31',154690254),
 (3479,1661,'французский',154690254),
 (3480,1661,'русский',154690254),
 (3481,1661,'английский',154690254),
 (3482,1661,'английский',154690254),
 (3483,2116,'русский',79012646),
 (3484,2116,'корейский',79012646),
 (3485,2116,'английский',79012646),
 (3486,2116,'week31',79012646),
 (3487,817,'корейский',198935420),
 (3488,422,'week31',196480810),
 (3489,422,'английский',196480810),
 (3490,422,'китайский',196480810),
 (3491,422,'русский',196480810),
 (3492,422,'японский',196480810),
 (3493,794,'японский',135202265),
 (3494,794,'испанский',135202265),
 (3495,794,'английский',135202265),
 (3496,794,'week31',135202265),
 (3497,1738,'турецкий',163946960),
 (3498,1738,'week32',163946960),
 (3499,1737,'турецкий',163946960),
 (3500,1737,'week32',163946960),
 (3501,521,'week31',198944960),
 (3502,521,'итальянский',198944960),
 (3503,1736,'турецкий',163946960),
 (3504,1736,'week32',163946960),
 (3505,1735,'турецкий',163946960),
 (3506,1735,'week32',163946960),
 (3507,2110,'корейский',189200969),
 (3508,2110,'английский',189200969),
 (3509,2110,'week31',189200969),
 (3510,176,'week31',201524013),
 (3511,176,'испанский',201524013),
 (3512,815,'корейский',198935420),
 (3513,815,'английский',198935420),
 (3514,815,'румынский',198935420),
 (3515,815,'week31',198935420),
 (3516,2882,'week31',154374270),
 (3517,2882,'польский',154374270),
 (3518,2882,'русский',154374270),
 (3519,3615,'week30',153698964),
 (3520,474,'week30',176274365),
 (3521,474,'немецкий',176274365),
 (3522,810,'корейский',198935420),
 (3523,806,'корейский',198935420),
 (3524,805,'корейский',198935420),
 (3525,804,'корейский',198935420),
 (3526,801,'корейский',198935420),
 (3527,795,'корейский',198935420),
 (3528,794,'корейский',198935420),
 (3529,2108,'русский',79012646),
 (3530,2108,'корейский',79012646),
 (3531,2108,'английский',79012646),
 (3532,2108,'week30',79012646),
 (3533,790,'корейский',198935420),
 (3534,891,'week30',121655298),
 (3535,891,'русский',121655298),
 (3536,891,'польский',121655298),
 (3537,891,'английский',121655298),
 (3538,791,'английский',135202265),
 (3539,791,'week30',135202265),
 (3540,499,'week30',198944960),
 (3541,499,'итальянский',198944960),
 (3542,1729,'турецкий',163946960),
 (3543,1729,'week31',163946960),
 (3544,364,'турецкий',172832130),
 (3545,364,'английский',172832130),
 (3546,364,'week31',172832130),
 (3547,3613,'week29',153698964),
 (3548,1647,'week30',154690254),
 (3549,1647,'русский',154690254),
 (3550,1647,'французский',154690254),
 (3551,1647,'русский',154690254),
 (3552,1647,'английский',154690254),
 (3553,1647,'английский',154690254),
 (3554,2096,'корейский',189200969),
 (3555,2096,'английский',189200969),
 (3556,2096,'week30',189200969),
 (3557,163,'week30',170004134),
 (3558,163,'художественные',170004134),
 (3559,163,'корейский',170004134),
 (3560,163,'July',170004134),
 (3561,163,'August',170004134),
 (3562,168,'week30',201524013),
 (3563,168,'испанский',201524013),
 (3564,789,'корейский',198935420),
 (3565,788,'корейский',198935420),
 (3566,788,'английский',198935420),
 (3567,788,'румынский',198935420),
 (3568,788,'week30',198935420),
 (3569,414,'week30',196480810),
 (3570,414,'английский',196480810),
 (3571,414,'китайский',196480810),
 (3572,414,'русский',196480810),
 (3573,414,'японский',196480810),
 (3574,2847,'week30',154374270),
 (3575,2847,'польский',154374270),
 (3576,2847,'русский',154374270),
 (3577,472,'week29',176274365),
 (3578,472,'немецкий',176274365),
 (3579,941,'week29',134647678),
 (3580,941,'английский',134647678),
 (3581,941,'русский',134647678),
 (3582,915,'итальянский',190923273),
 (3583,915,'week30',190923273),
 (3584,1633,'week29',154690254),
 (3585,1633,'русский',154690254),
 (3586,1633,'французский',154690254),
 (3587,1633,'русский',154690254),
 (3588,1633,'английский',154690254),
 (3589,1633,'английский',154690254),
 (3590,778,'корейский',198935420),
 (3591,607,'иврит',197094408),
 (3592,774,'корейский',198935420),
 (3593,771,'корейский',198935420),
 (3594,769,'корейский',198935420),
 (3595,914,'итальянский',190923273),
 (3596,914,'week29',190923273),
 (3597,914,'week30',190923273),
 (3598,161,'week29',201524013),
 (3599,161,'испанский',201524013),
 (3600,169,'корейский',192888577),
 (3601,2100,'русский',79012646),
 (3602,2100,'корейский',79012646),
 (3603,2100,'английский',79012646),
 (3604,2100,'week29',79012646),
 (3605,888,'week29',121655298),
 (3606,888,'русский',121655298),
 (3607,888,'польский',121655298),
 (3608,888,'английский',121655298),
 (3609,766,'корейский',198935420),
 (3610,1252,'русский',176692851),
 (3611,1252,'английский',176692851),
 (3612,1252,'week29',176692851),
 (3613,1720,'турецкий',163946960),
 (3614,1720,'week28',163946960),
 (3615,788,'японский',135202265),
 (3616,788,'испанский',135202265),
 (3617,788,'английский',135202265),
 (3618,788,'week29',135202265),
 (3619,363,'турецкий',172832130),
 (3620,363,'английский',172832130),
 (3621,363,'week29',172832130),
 (3622,166,'корейский',192888577),
 (3623,913,'итальянский',190923273),
 (3624,913,'week29',190923273),
 (3625,3604,'week28',153698964),
 (3626,483,'week29',198944960),
 (3627,483,'итальянский',198944960),
 (3628,2078,'корейский',189200969),
 (3629,2078,'английский',189200969),
 (3630,2078,'week29',189200969),
 (3631,161,'week29',170004134),
 (3632,161,'художественные',170004134),
 (3633,161,'корейский',170004134),
 (3634,161,'July',170004134),
 (3635,409,'week29',196480810),
 (3636,409,'английский',196480810),
 (3637,409,'китайский',196480810),
 (3638,409,'русский',196480810),
 (3639,409,'японский',196480810),
 (3640,764,'корейский',198935420),
 (3641,764,'английский',198935420),
 (3642,764,'румынский',198935420),
 (3643,764,'week28',198935420),
 (3644,764,'week29',198935420),
 (3645,579,'иврит',197094408),
 (3646,579,'немецкий',197094408),
 (3647,2816,'week29',154374270),
 (3648,2816,'польский',154374270),
 (3649,2816,'русский',154374270),
 (3650,761,'корейский',198935420),
 (3651,466,'week28',176274365),
 (3652,466,'немецкий',176274365),
 (3653,758,'корейский',198935420),
 (3654,928,'week28',134647678),
 (3655,928,'немецкий',134647678),
 (3656,928,'английский',134647678),
 (3657,928,'корейский',134647678),
 (3658,928,'русский',134647678),
 (3659,1247,'русский',176692851),
 (3660,1247,'английский',176692851),
 (3661,1247,'week28',176692851),
 (3662,2090,'русский',79012646),
 (3663,2090,'корейский',79012646),
 (3664,2090,'английский',79012646),
 (3665,2090,'week28',79012646),
 (3666,159,'week28',201524013),
 (3667,159,'испанский',201524013),
 (3668,1717,'турецкий',163946960),
 (3669,1717,'week27',163946960),
 (3670,776,'японский',135202265),
 (3671,776,'испанский',135202265),
 (3672,776,'английский',135202265),
 (3673,776,'week28',135202265),
 (3674,1611,'week28',154690254),
 (3675,1611,'русский',154690254),
 (3676,1611,'французский',154690254),
 (3677,1611,'русский',154690254),
 (3678,1611,'английский',154690254),
 (3679,1611,'английский',154690254),
 (3680,466,'week29',198944960),
 (3681,466,'итальянский',198944960),
 (3682,2062,'корейский',189200969),
 (3683,2062,'английский',189200969),
 (3684,2062,'week28',189200969),
 (3685,159,'week28',170004134),
 (3686,159,'художественные',170004134),
 (3687,159,'July',170004134),
 (3688,884,'week28',121655298),
 (3689,884,'русский',121655298),
 (3690,884,'польский',121655298),
 (3691,884,'английский',121655298),
 (3692,904,'итальянский',190923273),
 (3693,904,'week28',190923273),
 (3694,3600,'week27',153698964),
 (3695,1522,'week27',64636104),
 (3696,1522,'week28',64636104),
 (3697,1522,'английский',64636104),
 (3698,1522,'английский',64636104),
 (3699,1522,'польский',64636104),
 (3700,362,'турецкий',172832130),
 (3701,362,'английский',172832130),
 (3702,362,'week28',172832130),
 (3703,555,'немецкий',197094408),
 (3704,555,'иврит',197094408),
 (3705,555,'русский',197094408),
 (3706,385,'week28',196480810),
 (3707,385,'английский',196480810),
 (3708,385,'китайский',196480810),
 (3709,385,'русский',196480810),
 (3710,385,'японский',196480810),
 (3711,2792,'week28',154374270),
 (3712,2792,'польский',154374270),
 (3713,1230,'русский',176692851),
 (3714,1230,'английский',176692851),
 (3715,1230,'week26',176692851),
 (3716,1230,'week27',176692851),
 (3717,1230,'week28',176692851),
 (3718,462,'week27',176274365),
 (3719,462,'немецкий',176274365),
 (3720,921,'week26',134647678),
 (3721,921,'week27',134647678),
 (3722,921,'немецкий',134647678),
 (3723,921,'английский',134647678),
 (3724,921,'русский',134647678),
 (3725,882,'week27',121655298),
 (3726,882,'русский',121655298),
 (3727,882,'польский',121655298),
 (3728,882,'английский',121655298),
 (3729,756,'корейский',198935420),
 (3730,1711,'турецкий',163946960),
 (3731,1711,'week26',163946960),
 (3732,2076,'русский',79012646),
 (3733,2076,'корейский',79012646),
 (3734,2076,'английский',79012646),
 (3735,2076,'week27',79012646),
 (3736,361,'турецкий',172832130),
 (3737,361,'английский',172832130),
 (3738,361,'week27',172832130),
 (3739,770,'японский',135202265),
 (3740,770,'русский',135202265),
 (3741,770,'английский',135202265),
 (3742,770,'week27',135202265),
 (3743,884,'итальянский',190923273),
 (3744,884,'week27',190923273),
 (3745,1591,'week27',154690254),
 (3746,1591,'русский',154690254),
 (3747,1591,'французский',154690254),
 (3748,1591,'русский',154690254),
 (3749,1591,'английский',154690254),
 (3750,1591,'английский',154690254),
 (3751,435,'week27',198944960),
 (3752,435,'итальянский',198944960),
 (3753,877,'итальянский',190923273),
 (3754,877,'week26',190923273),
 (3755,2044,'корейский',189200969),
 (3756,2044,'английский',189200969),
 (3757,2044,'week27',189200969),
 (3758,156,'week26',170004134),
 (3759,156,'художественные',170004134),
 (3760,156,'July',170004134),
 (3761,157,'week27',201524013),
 (3762,157,'испанский',201524013),
 (3763,2750,'week27',154374270),
 (3764,2750,'польский',154374270),
 (3765,2750,'русский',154374270),
 (3766,753,'корейский',198935420),
 (3767,753,'английский',198935420),
 (3768,753,'румынский',198935420),
 (3769,753,'немецкий',198935420),
 (3770,753,'week27',198935420),
 (3771,3594,'week26',153698964),
 (3772,461,'week26',176274365),
 (3773,461,'немецкий',176274365),
 (3774,752,'корейский',198935420),
 (3775,749,'корейский',198935420),
 (3776,1573,'week26',154690254),
 (3777,1573,'русский',154690254),
 (3778,1573,'французский',154690254),
 (3779,1573,'русский',154690254),
 (3780,1573,'английский',154690254),
 (3781,1573,'английский',154690254),
 (3782,875,'week26',121655298),
 (3783,875,'русский',121655298),
 (3784,875,'польский',121655298),
 (3785,875,'английский',121655298),
 (3786,746,'корейский',198935420),
 (3787,1518,'week25',64636104),
 (3788,1518,'польский',64636104),
 (3789,1518,'английский',64636104),
 (3790,1518,'английский',64636104),
 (3791,1705,'немецкий',163946960),
 (3792,1705,'week25',163946960),
 (3793,1703,'турецкий',163946960),
 (3794,1703,'week25',163946960),
 (3795,415,'week26',198944960),
 (3796,415,'итальянский',198944960),
 (3797,769,'японский',135202265),
 (3798,769,'русский',135202265),
 (3799,769,'английский',135202265),
 (3800,769,'week26',135202265),
 (3801,360,'английский',172832130),
 (3802,360,'week26',172832130),
 (3803,1995,'корейский',189200969),
 (3804,1995,'английский',189200969),
 (3805,1995,'week26',189200969),
 (3806,2067,'русский',79012646),
 (3807,2067,'корейский',79012646),
 (3808,2067,'английский',79012646),
 (3809,2067,'python',79012646),
 (3810,2067,'программирование',79012646),
 (3811,2067,'week26',79012646),
 (3812,154,'week25',170004134),
 (3813,154,'художественные',170004134),
 (3814,154,'July',170004134),
 (3815,155,'week26',201524013),
 (3816,155,'испанский',201524013),
 (3817,743,'корейский',198935420),
 (3818,743,'английский',198935420),
 (3819,743,'русский',198935420),
 (3820,743,'румынский',198935420),
 (3821,743,'немецкий',198935420),
 (3822,743,'week26',198935420),
 (3823,2736,'week26',154374270),
 (3824,2736,'польский',154374270),
 (3825,2736,'русский',154374270),
 (3826,3590,'week25',153698964),
 (3827,531,'week26',197094408),
 (3828,742,'корейский',198935420),
 (3829,739,'корейский',198935420),
 (3830,173,'английский',122632537),
 (3831,459,'week25',176274365),
 (3832,459,'немецкий',176274365),
 (3833,153,'June',170004134),
 (3834,153,'July',170004134),
 (3835,736,'корейский',198935420),
 (3836,735,'корейский',198935420),
 (3837,903,'week24',134647678),
 (3838,903,'week25',134647678),
 (3839,903,'немецкий',134647678),
 (3840,903,'английский',134647678),
 (3841,903,'корейский',134647678),
 (3842,903,'русский',134647678),
 (3843,858,'итальянский',190923273),
 (3844,858,'week25',190923273),
 (3845,2057,'русский',79012646),
 (3846,2057,'корейский',79012646),
 (3847,2057,'английский',79012646),
 (3848,2057,'week25',79012646),
 (3849,1524,'week25',154690254),
 (3850,1524,'русский',154690254),
 (3851,1524,'русский',154690254),
 (3852,1524,'французский',154690254),
 (3853,1524,'русский',154690254),
 (3854,1524,'английский',154690254),
 (3855,733,'корейский',198935420),
 (3856,1180,'русский',176692851),
 (3857,1180,'week25',176692851),
 (3858,1178,'русский',176692851),
 (3859,1178,'английский',176692851),
 (3860,1178,'week25',176692851),
 (3861,868,'week25',121655298),
 (3862,868,'русский',121655298),
 (3863,868,'польский',121655298),
 (3864,868,'английский',121655298),
 (3865,1700,'турецкий',163946960),
 (3866,1700,'week24',163946960),
 (3867,529,'week25',197094408),
 (3868,768,'японский',135202265),
 (3869,768,'русский',135202265),
 (3870,768,'английский',135202265),
 (3871,768,'week25',135202265),
 (3872,1959,'корейский',189200969),
 (3873,1959,'английский',189200969),
 (3874,1959,'week25',189200969),
 (3875,400,'week25',198944960),
 (3876,400,'итальянский',198944960),
 (3877,149,'week25',170004134),
 (3878,149,'художественные',170004134),
 (3879,730,'корейский',198935420),
 (3880,730,'английский',198935420),
 (3881,730,'русский',198935420),
 (3882,730,'румынский',198935420),
 (3883,730,'немецкий',198935420),
 (3884,730,'week25',198935420),
 (3885,151,'week25',201524013),
 (3886,151,'испанский',201524013),
 (3887,2716,'week25',154374270),
 (3888,2716,'польский',154374270),
 (3889,2716,'английский',154374270),
 (3890,2716,'русский',154374270),
 (3891,369,'week25',196480810),
 (3892,369,'английский',196480810),
 (3893,369,'китайский',196480810),
 (3894,369,'русский',196480810),
 (3895,369,'японский',196480810),
 (3896,3586,'week24',153698964),
 (3897,359,'польский',172832130),
 (3898,359,'турецкий',172832130),
 (3899,359,'английский',172832130),
 (3900,359,'week25',172832130),
 (3901,729,'корейский',198935420),
 (3902,728,'корейский',198935420),
 (3903,1161,'week25',176692851),
 (3904,433,'week24',171993067),
 (3905,433,'русский',171993067),
 (3906,433,'английский',171993067),
 (3907,814,'итальянский',190923273),
 (3908,814,'week22',190923273),
 (3909,814,'week23',190923273),
 (3910,814,'week24',190923273),
 (3911,724,'корейский',198935420),
 (3912,1151,'русский',176692851),
 (3913,1151,'английский',176692851),
 (3914,1151,'week22',176692851),
 (3915,1151,'week23',176692851),
 (3916,1151,'week24',176692851),
 (3917,456,'week24',176274365),
 (3918,456,'немецкий',176274365),
 (3919,1501,'week24',154690254),
 (3920,1501,'русский',154690254),
 (3921,1501,'французский',154690254),
 (3922,1501,'русский',154690254),
 (3923,1501,'английский',154690254),
 (3924,2032,'русский',79012646),
 (3925,2032,'week24',79012646),
 (3926,1510,'week24',64636104),
 (3927,1510,'польский',64636104),
 (3928,1510,'английский',64636104),
 (3929,1698,'турецкий',163946960),
 (3930,1698,'week23',163946960),
 (3931,722,'корейский',198935420),
 (3932,860,'week24',121655298),
 (3933,860,'русский',121655298),
 (3934,860,'польский',121655298),
 (3935,860,'английский',121655298),
 (3936,363,'week24',196480810),
 (3937,363,'английский',196480810),
 (3938,363,'китайский',196480810),
 (3939,363,'русский',196480810),
 (3940,363,'японский',196480810),
 (3941,26,'week24',606409945),
 (3942,26,'русский',606409945),
 (3943,767,'японский',135202265),
 (3944,767,'русский',135202265),
 (3945,767,'английский',135202265),
 (3946,767,'week24',135202265),
 (3947,1942,'корейский',189200969),
 (3948,1942,'английский',189200969),
 (3949,1942,'week24',189200969),
 (3950,381,'week23',198944960),
 (3951,381,'итальянский',198944960),
 (3952,147,'week24',170004134),
 (3953,147,'корейский',170004134),
 (3954,147,'художественные',170004134),
 (3955,147,'карьера',170004134),
 (3956,2683,'week24',154374270),
 (3957,2683,'польский',154374270),
 (3958,2683,'русский',154374270),
 (3959,2683,'английский',154374270),
 (3960,716,'корейский',198935420),
 (3961,137,'week24',201524013),
 (3962,137,'испанский',201524013),
 (3963,712,'корейский',198935420),
 (3964,712,'английский',198935420),
 (3965,712,'русский',198935420),
 (3966,712,'румынский',198935420),
 (3967,712,'week24',198935420),
 (3968,514,'week24',197094408),
 (3969,514,'русский',197094408),
 (3970,358,'польский',172832130),
 (3971,358,'турецкий',172832130),
 (3972,358,'английский',172832130),
 (3973,358,'week24',172832130),
 (3974,3584,'week23',153698964),
 (3975,708,'корейский',198935420),
 (3976,455,'week23',176274365),
 (3977,455,'немецкий',176274365),
 (3978,885,'немецкий',134647678),
 (3979,885,'английский',134647678),
 (3980,885,'корейский',134647678),
 (3981,885,'итальянский',134647678),
 (3982,885,'week23',134647678),
 (3983,429,'испанский',183616934),
 (3984,428,'week23',171993067),
 (3985,428,'русский',171993067),
 (3986,178,'корейский',201513094),
 (3987,1504,'week23',64636104),
 (3988,1504,'польский',64636104),
 (3989,2023,'русский',79012646),
 (3990,2023,'корейский',79012646),
 (3991,2023,'week23',79012646),
 (3992,856,'week23',121655298),
 (3993,856,'русский',121655298),
 (3994,856,'польский',121655298),
 (3995,856,'английский',121655298),
 (3996,365,'week23',198944960),
 (3997,365,'итальянский',198944960),
 (3998,766,'японский',135202265),
 (3999,766,'week23',135202265),
 (4000,1695,'турецкий',163946960),
 (4001,1695,'week22',163946960),
 (4002,1694,'турецкий',163946960),
 (4003,1694,'week22',163946960),
 (4004,1479,'week23',154690254),
 (4005,1479,'русский',154690254),
 (4006,1479,'французский',154690254),
 (4007,1479,'русский',154690254),
 (4008,1479,'английский',154690254),
 (4009,1913,'корейский',189200969),
 (4010,1913,'английский',189200969),
 (4011,1913,'week23',189200969),
 (4012,2634,'week23',154374270),
 (4013,2634,'польский',154374270),
 (4014,2634,'русский',154374270),
 (4015,145,'week23',170004134),
 (4016,145,'корейский',170004134),
 (4017,145,'художественные',170004134),
 (4018,145,'карьера',170004134),
 (4019,705,'корейский',198935420),
 (4020,705,'английский',198935420),
 (4021,705,'русский',198935420),
 (4022,705,'румынский',198935420),
 (4023,705,'week23',198935420),
 (4024,115,'week23',201524013),
 (4025,115,'испанский',201524013),
 (4026,358,'week23',196480810),
 (4027,358,'английский',196480810),
 (4028,358,'китайский',196480810),
 (4029,358,'русский',196480810),
 (4030,358,'японский',196480810),
 (4031,504,'week23',197094408),
 (4032,504,'русский',197094408),
 (4033,504,'иврит',197094408),
 (4034,504,'идиш',197094408),
 (4035,504,'английский',197094408),
 (4036,3582,'week22',153698964),
 (4037,357,'польский',172832130),
 (4038,357,'турецкий',172832130),
 (4039,357,'английский',172832130),
 (4040,357,'week23',172832130),
 (4041,453,'week22',176274365),
 (4042,453,'немецкий',176274365),
 (4043,874,'русский',134647678),
 (4044,874,'немецкий',134647678),
 (4045,874,'английский',134647678),
 (4046,874,'корейский',134647678),
 (4047,874,'итальянский',134647678),
 (4048,874,'week22',134647678),
 (4049,702,'корейский',198935420),
 (4050,701,'корейский',198935420),
 (4051,360,'week22',198944960),
 (4052,360,'итальянский',198944960),
 (4053,1460,'week22',154690254),
 (4054,1460,'французский',154690254),
 (4055,1460,'русский',154690254),
 (4056,1460,'русский',154690254),
 (4057,1460,'английский',154690254),
 (4058,1691,'турецкий',163946960),
 (4059,1691,'week21',163946960),
 (4060,1690,'турецкий',163946960),
 (4061,1690,'week21',163946960),
 (4062,25,'week21',606409945),
 (4063,25,'немецкий',606409945),
 (4064,25,'русский',606409945),
 (4065,25,'корейский',606409945),
 (4066,25,'week22',606409945),
 (4067,25,'немецкий',606409945),
 (4068,763,'японский',135202265),
 (4069,763,'английский',135202265),
 (4070,763,'week22',135202265),
 (4071,848,'week22',121655298),
 (4072,848,'русский',121655298),
 (4073,848,'польский',121655298),
 (4074,848,'английский',121655298),
 (4075,1497,'week22',64636104),
 (4076,1497,'испанский',64636104),
 (4077,1497,'польский',64636104),
 (4078,2004,'русский',79012646),
 (4079,2004,'week22',79012646),
 (4080,141,'week22',170004134),
 (4081,141,'корейский',170004134),
 (4082,141,'художественные',170004134),
 (4083,141,'карьера',170004134),
 (4084,2619,'week22',154374270),
 (4085,2619,'польский',154374270),
 (4086,2619,'русский',154374270),
 (4087,107,'week22',201524013),
 (4088,107,'испанский',201524013),
 (4089,699,'корейский',198935420),
 (4090,699,'английский',198935420),
 (4091,699,'русский',198935420),
 (4092,699,'румынский',198935420),
 (4093,699,'week22',198935420),
 (4094,356,'турецкий',172832130),
 (4095,356,'английский',172832130),
 (4096,356,'week22',172832130),
 (4097,479,'week22',197094408),
 (4098,479,'русский',197094408),
 (4099,479,'немецкий',197094408),
 (4100,479,'английский',197094408),
 (4101,479,'иврит',197094408),
 (4102,357,'week22',196480810),
 (4103,357,'английский',196480810),
 (4104,357,'китайский',196480810),
 (4105,357,'русский',196480810),
 (4106,357,'японский',196480810),
 (4107,3578,'week21',153698964),
 (4108,1445,'week21',154690254),
 (4109,1445,'французский',154690254),
 (4110,1445,'русский',154690254),
 (4111,1445,'русский',154690254),
 (4112,1445,'английский',154690254),
 (4113,449,'week21',176274365),
 (4114,449,'немецкий',176274365),
 (4115,140,'June',170004134),
 (4116,1115,'русский',176692851),
 (4117,1115,'week21',176692851),
 (4118,695,'корейский',198935420),
 (4119,710,'немецкий',194094922),
 (4120,710,'шведский',194094922),
 (4121,710,'week22',194094922),
 (4122,1687,'турецкий',163946960),
 (4123,1687,'week20',163946960),
 (4124,762,'японский',135202265),
 (4125,762,'английский',135202265),
 (4126,762,'русский',135202265),
 (4127,762,'week21',135202265),
 (4128,1685,'турецкий',163946960),
 (4129,1685,'week20',163946960),
 (4130,727,'итальянский',190923273),
 (4131,727,'венгерский',190923273),
 (4132,727,'week21',190923273),
 (4133,1999,'русский',79012646),
 (4134,1999,'корейский',79012646),
 (4135,1999,'английский',79012646),
 (4136,1999,'week21',79012646),
 (4137,852,'русский',134647678),
 (4138,852,'немецкий',134647678),
 (4139,852,'корейский',134647678),
 (4140,852,'английский',134647678),
 (4141,852,'week20',134647678),
 (4142,852,'week21',134647678),
 (4143,693,'корейский',198935420),
 (4144,691,'корейский',198935420),
 (4145,1494,'week21',64636104),
 (4146,1494,'испанский',64636104),
 (4147,1494,'польский',64636104),
 (4148,830,'week21',121655298),
 (4149,830,'русский',121655298),
 (4150,830,'польский',121655298),
 (4151,830,'английский',121655298),
 (4152,138,'week21',170004134),
 (4153,138,'корейский',170004134),
 (4154,138,'художественные',170004134),
 (4155,138,'карьера',170004134),
 (4156,338,'week18',185746785),
 (4157,338,'week19',185746785),
 (4158,338,'русский',185746785),
 (4159,1868,'корейский',189200969),
 (4160,1868,'английский',189200969),
 (4161,1868,'week21',189200969),
 (4162,678,'week21',200332300),
 (4163,678,'week19',200332300),
 (4164,678,'week20',200332300),
 (4165,678,'корейский',200332300),
 (4166,678,'английский',200332300),
 (4167,678,'русский',200332300),
 (4168,101,'week21',201524013),
 (4169,101,'испанский',201524013),
 (4170,350,'week21',198944960),
 (4171,350,'итальянский',198944960),
 (4172,354,'польский',172832130),
 (4173,354,'турецкий',172832130),
 (4174,354,'английский',172832130),
 (4175,354,'week21',172832130),
 (4176,2613,'week21',154374270),
 (4177,2613,'польский',154374270),
 (4178,2613,'русский',154374270),
 (4179,690,'корейский',198935420),
 (4180,690,'английский',198935420),
 (4181,690,'испанский',198935420),
 (4182,690,'румынский',198935420),
 (4183,690,'week21',198935420),
 (4184,258,'week21',145846646),
 (4185,257,'week21',145846646),
 (4186,466,'week21',197094408),
 (4187,466,'русский',197094408),
 (4188,3570,'week21',153698964),
 (4189,707,'немецкий',194094922),
 (4190,707,'week21',194094922),
 (4191,688,'корейский',198935420),
 (4192,156,'корейский',201513094),
 (4193,1,'французский',204830766),
 (4194,446,'week20',176274365),
 (4195,446,'немецкий',176274365),
 (4196,685,'корейский',198935420),
 (4197,684,'корейский',198935420),
 (4198,97,'week20',201524013),
 (4199,97,'испанский',201524013),
 (4200,1427,'week20',154690254),
 (4201,1427,'французский',154690254),
 (4202,1427,'русский',154690254),
 (4203,1427,'русский',154690254),
 (4204,1427,'английский',154690254),
 (4205,720,'week20',190923273),
 (4206,720,'итальянский',190923273),
 (4207,720,'венгерский',190923273),
 (4208,28,'week20',201558580),
 (4209,28,'белорусский',201558580),
 (4210,28,'японский',201558580),
 (4211,1483,'week20',64636104),
 (4212,1483,'испанский',64636104),
 (4213,1483,'польский',64636104),
 (4214,826,'week20',121655298),
 (4215,826,'русский',121655298),
 (4216,826,'польский',121655298),
 (4217,826,'английский',121655298),
 (4218,704,'немецкий',194094922),
 (4219,704,'week20',194094922),
 (4220,704,'week21',194094922),
 (4221,683,'корейский',198935420),
 (4222,1669,'турецкий',163946960),
 (4223,1669,'week20',163946960),
 (4224,1983,'русский',79012646),
 (4225,1983,'корейский',79012646),
 (4226,1983,'английский',79012646),
 (4227,1983,'week20',79012646),
 (4228,1107,'русский',176692851),
 (4229,1107,'week19',176692851),
 (4230,1106,'русский',176692851),
 (4231,1106,'week20',176692851),
 (4232,757,'японский',135202265),
 (4233,757,'английский',135202265),
 (4234,757,'русский',135202265),
 (4235,757,'week20',135202265),
 (4236,1842,'корейский',189200969),
 (4237,1842,'английский',189200969),
 (4238,1842,'week20',189200969),
 (4239,24,'week19',606409945),
 (4240,24,'немецкий',606409945),
 (4241,24,'русский',606409945),
 (4242,24,'week20',606409945),
 (4243,24,'немецкий',606409945),
 (4244,24,'русский',606409945),
 (4245,346,'week20',198944960),
 (4246,346,'итальянский',198944960),
 (4247,460,'week20',197094408),
 (4248,460,'русский',197094408),
 (4249,137,'week20',170004134),
 (4250,137,'корейский',170004134),
 (4251,137,'художественные',170004134),
 (4252,137,'карьера',170004134),
 (4253,682,'корейский',198935420),
 (4254,682,'английский',198935420),
 (4255,682,'испанский',198935420),
 (4256,682,'румынский',198935420),
 (4257,682,'week20',198935420),
 (4258,2602,'week20',154374270),
 (4259,2602,'польский',154374270),
 (4260,1103,'русский',176692851),
 (4261,1103,'week19',176692851),
 (4262,1102,'русский',176692851),
 (4263,1102,'week19',176692851),
 (4264,349,'польский',172832130),
 (4265,349,'турецкий',172832130),
 (4266,349,'английский',172832130),
 (4267,349,'week20',172832130),
 (4268,87,'корейский',201505809),
 (4269,87,'week20',201505809),
 (4270,830,'русский',134647678),
 (4271,830,'немецкий',134647678),
 (4272,830,'корейский',134647678),
 (4273,830,'week19',134647678),
 (4274,678,'корейский',198935420),
 (4275,677,'корейский',198935420),
 (4276,673,'корейский',198935420),
 (4277,256,'week19',145846646),
 (4278,434,'week19',197094408),
 (4279,434,'русский',197094408),
 (4280,715,'week19',190923273),
 (4281,715,'итальянский',190923273),
 (4282,715,'венгерский',190923273),
 (4283,444,'week19',176274365),
 (4284,444,'немецкий',176274365),
 (4285,659,'корейский',198935420),
 (4286,1662,'турецкий',163946960),
 (4287,1662,'week19',163946960),
 (4288,822,'week19',121655298),
 (4289,822,'русский',121655298),
 (4290,822,'польский',121655298),
 (4291,822,'английский',121655298),
 (4292,27,'week19',201558580),
 (4293,27,'белорусский',201558580),
 (4294,27,'японский',201558580),
 (4295,85,'корейский',201505809),
 (4296,85,'week19',201505809),
 (4297,756,'японский',135202265),
 (4298,756,'английский',135202265),
 (4299,756,'week19',135202265),
 (4300,1819,'корейский',189200969),
 (4301,1819,'английский',189200969),
 (4302,1819,'week19',189200969),
 (4303,1476,'week19',64636104),
 (4304,1476,'испанский',64636104),
 (4305,1476,'польский',64636104),
 (4306,337,'week16',185746785),
 (4307,337,'week17',185746785),
 (4308,337,'русский',185746785),
 (4309,291,'английский',199083318),
 (4310,336,'week19',198944960),
 (4311,336,'итальянский',198944960),
 (4312,1418,'week19',154690254),
 (4313,1418,'французский',154690254),
 (4314,1418,'русский',154690254),
 (4315,1418,'русский',154690254),
 (4316,1418,'английский',154690254),
 (4317,135,'week19',170004134),
 (4318,135,'корейский',170004134),
 (4319,135,'художественные',170004134),
 (4320,135,'карьера',170004134),
 (4321,347,'английский',172832130),
 (4322,347,'week19',172832130),
 (4323,2582,'week19',154374270),
 (4324,2582,'польский',154374270),
 (4325,2582,'русский',154374270),
 (4326,343,'week19',196480810),
 (4327,343,'английский',196480810),
 (4328,343,'китайский',196480810),
 (4329,343,'русский',196480810),
 (4330,343,'японский',196480810),
 (4331,1979,'русский',79012646),
 (4332,1979,'week19',79012646),
 (4333,1659,'турецкий',163946960),
 (4334,1659,'week19',163946960),
 (4335,645,'корейский',198935420),
 (4336,645,'английский',198935420),
 (4337,645,'испанский',198935420),
 (4338,645,'week19',198935420),
 (4339,94,'week19',201524013),
 (4340,94,'испанский',201524013),
 (4341,3560,'week16',153698964),
 (4342,643,'корейский',198935420),
 (4343,698,'немецкий',194094922),
 (4344,698,'чешский',194094922),
 (4345,698,'week18',194094922),
 (4346,698,'week19',194094922),
 (4347,642,'корейский',198935420),
 (4348,640,'корейский',198935420),
 (4349,637,'корейский',198935420),
 (4350,442,'week18',176274365),
 (4351,442,'немецкий',176274365),
 (4352,1083,'русский',176692851),
 (4353,1083,'week18',176692851),
 (4354,815,'русский',134647678),
 (4355,815,'немецкий',134647678),
 (4356,815,'корейский',134647678),
 (4357,815,'week18',134647678),
 (4358,635,'корейский',198935420),
 (4359,1395,'week18',154690254),
 (4360,1395,'французский',154690254),
 (4361,1395,'русский',154690254),
 (4362,1395,'русский',154690254),
 (4363,1395,'английский',154690254),
 (4364,84,'корейский',201505809),
 (4365,84,'week18',201505809),
 (4366,819,'week18',121655298),
 (4367,819,'русский',121655298),
 (4368,819,'польский',121655298),
 (4369,819,'английский',121655298),
 (4370,255,'week18',145846646),
 (4371,632,'корейский',198935420),
 (4372,895,'week17',178142840),
 (4373,895,'греческий',178142840),
 (4374,895,'английский',178142840),
 (4375,895,'русский',178142840),
 (4376,1654,'турецкий',163946960),
 (4377,1654,'week18',163946960),
 (4378,751,'японский',135202265),
 (4379,751,'week18',135202265),
 (4380,26,'week18',201558580),
 (4381,26,'белорусский',201558580),
 (4382,26,'японский',201558580),
 (4383,1467,'week18',64636104),
 (4384,1467,'испанский',64636104),
 (4385,1467,'польский',64636104),
 (4386,1804,'корейский',189200969),
 (4387,1804,'английский',189200969),
 (4388,1804,'week18',189200969),
 (4389,329,'week17',198944960),
 (4390,329,'week18',198944960),
 (4391,329,'итальянский',198944960),
 (4392,284,'русский',199083318),
 (4393,569,'week17',200332300),
 (4394,569,'week18',200332300),
 (4395,569,'корейский',200332300),
 (4396,569,'английский',200332300),
 (4397,569,'русский',200332300),
 (4398,161,'корейский',122632537),
 (4399,1976,'русский',79012646),
 (4400,1976,'week18',79012646),
 (4401,3559,'английский',153698964),
 (4402,3559,'week15',153698964),
 (4403,346,'английский',172832130),
 (4404,346,'week18',172832130),
 (4405,131,'week18',170004134),
 (4406,131,'корейский',170004134),
 (4407,131,'художественные',170004134),
 (4408,131,'карьера',170004134),
 (4409,2564,'week18',154374270),
 (4410,2564,'польский',154374270),
 (4411,2564,'русский',154374270),
 (4412,92,'week18',201524013),
 (4413,92,'испанский',201524013),
 (4414,628,'корейский',198935420),
 (4415,628,'английский',198935420),
 (4416,628,'испанский',198935420),
 (4417,628,'румынский',198935420),
 (4418,628,'week18',198935420),
 (4419,22,'week18',606409945),
 (4420,22,'немецкий',606409945),
 (4421,22,'русский',606409945),
 (4422,427,'week18',197094408),
 (4423,627,'корейский',198935420),
 (4424,625,'корейский',198935420),
 (4425,623,'корейский',198935420),
 (4426,336,'week15',185746785),
 (4427,336,'русский',185746785),
 (4428,783,'русский',134647678),
 (4429,783,'английский',134647678),
 (4430,783,'немецкий',134647678),
 (4431,783,'корейский',134647678),
 (4432,783,'week17',134647678),
 (4433,441,'week17',176274365),
 (4434,441,'немецкий',176274365),
 (4435,708,'week17',190923273),
 (4436,708,'итальянский',190923273),
 (4437,708,'венгерский',190923273),
 (4438,810,'week17',121655298),
 (4439,810,'русский',121655298),
 (4440,810,'польский',121655298),
 (4441,810,'английский',121655298),
 (4442,1969,'русский',79012646),
 (4443,1969,'корейский',79012646),
 (4444,1969,'английский',79012646),
 (4445,1969,'week17',79012646),
 (4446,90,'week17',201524013),
 (4447,90,'испанский',201524013),
 (4448,1374,'week17',154690254),
 (4449,1374,'французский',154690254),
 (4450,1374,'русский',154690254),
 (4451,1374,'русский',154690254),
 (4452,1374,'английский',154690254),
 (4453,1651,'итальянский',163946960),
 (4454,1651,'week17',163946960),
 (4455,82,'корейский',201505809),
 (4456,82,'week17',201505809),
 (4457,748,'японский',135202265),
 (4458,748,'русский',135202265),
 (4459,748,'week17',135202265),
 (4460,254,'week17',145846646),
 (4461,1459,'week17',64636104),
 (4462,1459,'испанский',64636104),
 (4463,1459,'русский',64636104),
 (4464,25,'week17',201558580),
 (4465,25,'белорусский',201558580),
 (4466,25,'японский',201558580),
 (4467,1781,'корейский',189200969),
 (4468,1781,'английский',189200969),
 (4469,1781,'week17',189200969),
 (4470,345,'польский',172832130),
 (4471,345,'английский',172832130),
 (4472,345,'week17',172832130),
 (4473,21,'week17',606409945),
 (4474,21,'немецкий',606409945),
 (4475,21,'русский',606409945),
 (4476,2551,'week17',154374270),
 (4477,2551,'польский',154374270),
 (4478,413,'week17',197094408),
 (4479,413,'иврит',197094408),
 (4480,413,'идиш',197094408),
 (4481,621,'корейский',198935420),
 (4482,621,'английский',198935420),
 (4483,621,'испанский',198935420),
 (4484,621,'румынский',198935420),
 (4485,621,'week17',198935420),
 (4486,80,'корейский',201505809),
 (4487,128,'week17',170004134),
 (4488,128,'корейский',170004134),
 (4489,128,'художественные',170004134),
 (4490,128,'карьера',170004134),
 (4491,4449,'японский',181195799),
 (4492,4449,'русский',181195799),
 (4493,4449,'корейский',181195799),
 (4494,4449,'английский',181195799),
 (4495,79,'корейский',201505809),
 (4496,77,'корейский',201505809),
 (4497,233,'корейский',192351766),
 (4498,233,'week14',192351766),
 (4499,692,'немецкий',194094922),
 (4500,692,'week17',194094922),
 (4501,619,'корейский',198935420),
 (4502,76,'корейский',201505809),
 (4503,618,'корейский',198935420),
 (4504,75,'корейский',201505809),
 (4505,1643,'турецкий',163946960),
 (4506,1643,'week16',163946960),
 (4507,610,'корейский',198935420),
 (4508,707,'week16',190923273),
 (4509,707,'итальянский',190923273),
 (4510,707,'венгерский',190923273),
 (4511,1056,'week16',176692851),
 (4512,1056,'русский',176692851),
 (4513,1056,'английский',176692851),
 (4514,764,'русский',134647678),
 (4515,764,'английский',134647678),
 (4516,764,'немецкий',134647678),
 (4517,764,'week16',134647678),
 (4518,1641,'французский',163946960),
 (4519,1641,'русский',163946960),
 (4520,1641,'week16',163946960),
 (4521,867,'week16',178142840),
 (4522,867,'греческий',178142840),
 (4523,867,'русский',178142840),
 (4524,439,'week16',176274365),
 (4525,439,'немецкий',176274365),
 (4526,1956,'русский',79012646),
 (4527,1956,'корейский',79012646),
 (4528,1956,'английский',79012646),
 (4529,1956,'музыка',79012646),
 (4530,1956,'week16',79012646),
 (4531,73,'корейский',201505809),
 (4532,73,'week16',201505809),
 (4533,807,'week16',121655298),
 (4534,807,'русский',121655298),
 (4535,807,'польский',121655298),
 (4536,807,'английский',121655298),
 (4537,747,'японский',135202265),
 (4538,747,'русский',135202265),
 (4539,747,'week16',135202265),
 (4540,24,'week16',201558580),
 (4541,24,'белорусский',201558580),
 (4542,24,'японский',201558580),
 (4543,40,'week16',201598594),
 (4544,40,'корейский',201598594),
 (4545,40,'японский',201598594),
 (4546,40,'английский',201598594),
 (4547,126,'week16',170004134),
 (4548,126,'корейский',170004134),
 (4549,126,'художественные',170004134),
 (4550,126,'карьера',170004134),
 (4551,1766,'корейский',189200969),
 (4552,1766,'английский',189200969),
 (4553,1766,'week16',189200969),
 (4554,318,'week16',198944960),
 (4555,318,'итальянский',198944960),
 (4556,1358,'week16',154690254),
 (4557,1358,'французский',154690254),
 (4558,1358,'русский',154690254),
 (4559,1358,'английский',154690254),
 (4560,344,'турецкий',172832130),
 (4561,344,'польский',172832130),
 (4562,344,'английский',172832130),
 (4563,344,'датский',172832130),
 (4564,344,'музыка',172832130),
 (4565,344,'week16',172832130),
 (4566,335,'week14',185746785),
 (4567,335,'русский',185746785),
 (4568,88,'week16',201524013),
 (4569,88,'испанский',201524013),
 (4570,20,'week16',606409945),
 (4571,20,'русский',606409945),
 (4572,20,'немецкий',606409945),
 (4573,20,'корейский',606409945),
 (4574,2543,'week16',154374270),
 (4575,2543,'польский',154374270),
 (4576,2543,'русский',154374270),
 (4577,485,'week16',200332300),
 (4578,485,'корейский',200332300),
 (4579,485,'английский',200332300),
 (4580,485,'русский',200332300),
 (4581,379,'week16',197094408),
 (4582,1452,'week16',64636104),
 (4583,1452,'украинский',64636104),
 (4584,4653,'week16',182087795),
 (4585,4653,'русский',182087795),
 (4586,608,'корейский',198935420),
 (4587,608,'английский',198935420),
 (4588,608,'испанский',198935420),
 (4589,608,'румынский',198935420),
 (4590,608,'week16',198935420),
 (4591,342,'week16',196480810),
 (4592,342,'английский',196480810),
 (4593,342,'китайский',196480810),
 (4594,342,'русский',196480810),
 (4595,342,'японский',196480810),
 (4596,71,'корейский',201505809),
 (4597,341,'русский',196480810),
 (4598,70,'корейский',201505809),
 (4599,231,'корейский',192351766),
 (4600,231,'week13',192351766),
 (4601,688,'немецкий',194094922),
 (4602,688,'week16',194094922),
 (4603,602,'корейский',198935420),
 (4604,600,'корейский',198935420),
 (4605,68,'корейский',201505809),
 (4606,687,'немецкий',194094922),
 (4607,687,'week16',194094922),
 (4608,1352,'week15',154690254),
 (4609,1352,'французский',154690254),
 (4610,1352,'русский',154690254),
 (4611,1352,'английский',154690254),
 (4612,66,'корейский',201505809),
 (4613,340,'русский',196480810),
 (4614,438,'week15',176274365),
 (4615,438,'немецкий',176274365),
 (4616,339,'китайский',196480810),
 (4617,1045,'week15',176692851),
 (4618,1045,'русский',176692851),
 (4619,1045,'английский',176692851),
 (4620,757,'week14',134647678),
 (4621,757,'week15',134647678),
 (4622,757,'немецкий',134647678),
 (4623,757,'русский',134647678),
 (4624,706,'week15',190923273),
 (4625,706,'итальянский',190923273),
 (4626,706,'венгерский',190923273),
 (4627,64,'корейский',201505809),
 (4628,745,'японский',135202265),
 (4629,745,'русский',135202265),
 (4630,745,'week15',135202265),
 (4631,851,'week15',178142840),
 (4632,851,'греческий',178142840),
 (4633,851,'английский',178142840),
 (4634,851,'русский',178142840),
 (4635,1946,'русский',79012646),
 (4636,1946,'корейский',79012646),
 (4637,1946,'английский',79012646),
 (4638,1946,'музыка',79012646),
 (4639,1946,'week15',79012646),
 (4640,596,'корейский',198935420),
 (4641,804,'week15',121655298),
 (4642,804,'русский',121655298),
 (4643,804,'польский',121655298),
 (4644,804,'английский',121655298),
 (4645,334,'week13',185746785),
 (4646,334,'русский',185746785),
 (4647,63,'корейский',201505809),
 (4648,63,'week15',201505809),
 (4649,1635,'итальянский',163946960),
 (4650,1635,'week15',163946960),
 (4651,23,'week15',201558580),
 (4652,23,'белорусский',201558580),
 (4653,23,'японский',201558580),
 (4654,3543,'английский',153698964),
 (4655,3543,'week15',153698964),
 (4656,1628,'турецкий',163946960),
 (4657,1628,'week15',163946960),
 (4658,4614,'week15',182087795),
 (4659,4614,'корейский',182087795),
 (4660,4614,'русский',182087795),
 (4661,1448,'week15',64636104),
 (4662,1448,'украинский',64636104),
 (4663,1745,'корейский',189200969),
 (4664,1745,'английский',189200969),
 (4665,1745,'week15',189200969),
 (4666,125,'week14',170004134),
 (4667,125,'week15',170004134),
 (4668,125,'корейский',170004134),
 (4669,125,'художественные',170004134),
 (4670,125,'карьера',170004134),
 (4671,449,'week15',200332300),
 (4672,449,'корейский',200332300),
 (4673,449,'английский',200332300),
 (4674,449,'русский',200332300),
 (4675,342,'польский',172832130),
 (4676,342,'английский',172832130),
 (4677,342,'музыка',172832130),
 (4678,342,'week15',172832130),
 (4679,18,'week15',606409945),
 (4680,18,'немецкий',606409945),
 (4681,18,'русский',606409945),
 (4682,82,'week15',201524013),
 (4683,82,'испанский',201524013),
 (4684,2531,'week15',154374270),
 (4685,2531,'польский',154374270),
 (4686,2531,'русский',154374270),
 (4687,147,'английский',136722257),
 (4688,147,'польский',136722257),
 (4689,147,'корейский',136722257),
 (4690,147,'week15',136722257),
 (4691,338,'week15',196480810),
 (4692,338,'английский',196480810),
 (4693,338,'китайский',196480810),
 (4694,338,'русский',196480810),
 (4695,338,'японский',196480810),
 (4696,591,'корейский',198935420),
 (4697,591,'английский',198935420),
 (4698,591,'русский',198935420),
 (4699,591,'испанский',198935420),
 (4700,591,'румынский',198935420),
 (4701,591,'week15',198935420),
 (4702,366,'иврит',197094408),
 (4703,366,'идиш',197094408),
 (4704,366,'week15',197094408),
 (4705,582,'корейский',198935420),
 (4706,1621,'французский',163946960),
 (4707,1621,'русский',163946960),
 (4708,1621,'week15',163946960),
 (4709,683,'немецкий',194094922),
 (4710,683,'week15',194094922),
 (4711,580,'корейский',198935420),
 (4712,129,'корейский',201513094),
 (4713,230,'корейский',192351766),
 (4714,230,'week12',192351766),
 (4715,680,'немецкий',194094922),
 (4716,680,'week15',194094922),
 (4717,1336,'week13',154690254),
 (4718,1336,'week14',154690254),
 (4719,1336,'французский',154690254),
 (4720,1336,'русский',154690254),
 (4721,1336,'английский',154690254),
 (4722,568,'корейский',198935420),
 (4723,333,'week12',185746785),
 (4724,333,'русский',185746785),
 (4725,437,'week14',176274365),
 (4726,437,'немецкий',176274365),
 (4727,679,'немецкий',194094922),
 (4728,679,'week15',194094922),
 (4729,1619,'турецкий',163946960),
 (4730,1619,'week14',163946960),
 (4731,566,'корейский',198935420),
 (4732,1617,'итальянский',163946960),
 (4733,1617,'week14',163946960),
 (4734,1932,'русский',79012646),
 (4735,1932,'корейский',79012646),
 (4736,1932,'английский',79012646),
 (4737,1932,'музыка',79012646),
 (4738,1932,'week14',79012646),
 (4739,22,'week14',201558580),
 (4740,22,'белорусский',201558580),
 (4741,22,'японский',201558580),
 (4742,2225,'week14',175092537),
 (4743,2225,'корейский',175092537),
 (4744,2225,'русский',175092537),
 (4745,38,'week14',201598594),
 (4746,38,'корейский',201598594),
 (4747,38,'японский',201598594),
 (4748,38,'английский',201598594),
 (4749,17,'week14',606409945),
 (4750,17,'немецкий',606409945),
 (4751,17,'корейский',606409945),
 (4752,141,'week14',136722257),
 (4753,141,'английский',136722257),
 (4754,141,'польский',136722257),
 (4755,141,'корейский',136722257),
 (4756,744,'русский',135202265),
 (4757,744,'японский',135202265),
 (4758,744,'week14',135202265),
 (4759,711,'week13',197598438),
 (4760,711,'week14',197598438),
 (4761,711,'корейский',197598438),
 (4762,711,'английский',197598438),
 (4763,711,'русский',197598438),
 (4764,1710,'корейский',189200969),
 (4765,1710,'английский',189200969),
 (4766,1710,'week14',189200969),
 (4767,310,'week14',198944960),
 (4768,310,'итальянский',198944960),
 (4769,4612,'week14',182087795),
 (4770,4612,'корейский',182087795),
 (4771,4612,'русский',182087795),
 (4772,80,'week14',201524013),
 (4773,80,'испанский',201524013),
 (4774,838,'week14',178142840),
 (4775,838,'чешский',178142840),
 (4776,838,'греческий',178142840),
 (4777,838,'английский',178142840),
 (4778,838,'русский',178142840),
 (4779,359,'week14',197094408),
 (4780,359,'иврит',197094408),
 (4781,359,'идиш',197094408),
 (4782,341,'турецкий',172832130),
 (4783,341,'польский',172832130),
 (4784,341,'английский',172832130),
 (4785,341,'музыка',172832130),
 (4786,341,'week14',172832130),
 (4787,417,'week13',200332300),
 (4788,417,'week14',200332300),
 (4789,417,'корейский',200332300),
 (4790,417,'английский',200332300),
 (4791,417,'русский',200332300),
 (4792,561,'корейский',198935420),
 (4793,561,'английский',198935420),
 (4794,561,'русский',198935420),
 (4795,561,'испанский',198935420),
 (4796,561,'румынский',198935420),
 (4797,561,'week14',198935420),
 (4798,1442,'week14',64636104),
 (4799,1442,'польский',64636104),
 (4800,1442,'русский',64636104),
 (4801,801,'week14',121655298),
 (4802,801,'русский',121655298),
 (4803,801,'польский',121655298),
 (4804,2517,'week14',154374270),
 (4805,2517,'польский',154374270),
 (4806,330,'week14',196480810),
 (4807,330,'английский',196480810),
 (4808,330,'китайский',196480810),
 (4809,330,'русский',196480810),
 (4810,330,'японский',196480810),
 (4811,3517,'английский',153698964),
 (4812,3517,'week14',153698964),
 (4813,39,'корейский',197779423),
 (4814,39,'английский',197779423),
 (4815,39,'week14',197779423),
 (4816,748,'русский',134647678),
 (4817,748,'английский',134647678),
 (4818,748,'week13',134647678),
 (4819,1607,'французский',163946960),
 (4820,1607,'русский',163946960),
 (4821,1607,'week14',163946960),
 (4822,217,'английский',188353878),
 (4823,217,'week15',188353878),
 (4824,672,'немецкий',194094922),
 (4825,672,'week14',194094922),
 (4826,253,'week13',145846646),
 (4827,228,'корейский',192351766),
 (4828,228,'week11',192351766),
 (4829,551,'корейский',198935420),
 (4830,113,'корейский',201513094),
 (4831,332,'week11',185746785),
 (4832,332,'русский',185746785),
 (4833,1035,'week13',176692851),
 (4834,1035,'русский',176692851),
 (4835,1033,'week13',176692851),
 (4836,1033,'английский',176692851),
 (4837,436,'week13',176274365),
 (4838,436,'немецкий',176274365),
 (4839,796,'week13',121655298),
 (4840,796,'русский',121655298),
 (4841,796,'польский',121655298),
 (4842,1604,'итальянский',163946960),
 (4843,1604,'week13',163946960),
 (4844,1602,'турецкий',163946960),
 (4845,1602,'week13',163946960),
 (4846,1908,'русский',79012646),
 (4847,1908,'корейский',79012646),
 (4848,1908,'английский',79012646),
 (4849,1908,'музыка',79012646),
 (4850,1908,'week13',79012646),
 (4851,123,'week13',170004134),
 (4852,123,'корейский',170004134),
 (4853,123,'художественные',170004134),
 (4854,123,'карьера',170004134),
 (4855,743,'японский',135202265),
 (4856,743,'русский',135202265),
 (4857,743,'week13',135202265),
 (4858,21,'week13',201558580),
 (4859,21,'белорусский',201558580),
 (4860,21,'японский',201558580),
 (4861,36,'week13',201598594),
 (4862,36,'корейский',201598594),
 (4863,36,'японский',201598594),
 (4864,36,'английский',201598594),
 (4865,2220,'week13',175092537),
 (4866,2220,'корейский',175092537),
 (4867,1691,'корейский',189200969),
 (4868,1691,'английский',189200969),
 (4869,1691,'week13',189200969),
 (4870,304,'week12',198944960),
 (4871,304,'week13',198944960),
 (4872,304,'итальянский',198944960),
 (4873,4564,'week13',182087795),
 (4874,4564,'корейский',182087795),
 (4875,4564,'русский',182087795),
 (4876,668,'week11',117144631),
 (4877,668,'английский',117144631),
 (4878,349,'week13',197094408),
 (4879,349,'иврит',197094408),
 (4880,349,'идиш',197094408),
 (4881,338,'турецкий',172832130),
 (4882,338,'польский',172832130),
 (4883,338,'английский',172832130),
 (4884,338,'древнеисландский',172832130),
 (4885,338,'шведский',172832130),
 (4886,338,'week13',172832130),
 (4887,547,'корейский',198935420),
 (4888,76,'week13',201524013),
 (4889,76,'испанский',201524013),
 (4890,546,'корейский',198935420),
 (4891,546,'английский',198935420),
 (4892,546,'русский',198935420),
 (4893,546,'румынский',198935420),
 (4894,546,'week13',198935420),
 (4895,2498,'week13',154374270),
 (4896,2498,'польский',154374270),
 (4897,2498,'русский',154374270),
 (4898,1440,'week13',64636104),
 (4899,1440,'польский',64636104),
 (4900,1440,'испанский',64636104),
 (4901,1440,'русский',64636104),
 (4902,325,'week13',196480810),
 (4903,325,'английский',196480810),
 (4904,325,'китайский',196480810),
 (4905,325,'русский',196480810),
 (4906,325,'японский',196480810),
 (4907,537,'корейский',198935420),
 (4908,666,'week10',117144631),
 (4909,666,'английский',117144631),
 (4910,122,'Март',170004134),
 (4911,122,'Апрель',170004134),
 (4912,105,'корейский',201513094),
 (4913,252,'week12',145846646),
 (4914,4169,'корейский',181195799),
 (4915,4169,'японский',181195799),
 (4916,4169,'русский',181195799),
 (4917,4169,'английский',181195799),
 (4918,745,'русский',134647678),
 (4919,745,'английский',134647678),
 (4920,745,'week12',134647678),
 (4921,536,'корейский',198935420),
 (4922,226,'корейский',192351766),
 (4923,226,'week10',192351766),
 (4924,1026,'week12',176692851),
 (4925,1026,'английский',176692851),
 (4926,1025,'week12',176692851),
 (4927,1025,'русский',176692851),
 (4928,1437,'week12',64636104),
 (4929,1437,'польский',64636104),
 (4930,139,'корейский',136722257),
 (4931,139,'week12',136722257),
 (4932,435,'week12',176274365),
 (4933,435,'немецкий',176274365),
 (4934,437,'week11',198388526),
 (4935,437,'корейский',198388526),
 (4936,437,'русский',198388526),
 (4937,437,'week12',198388526),
 (4938,437,'корейский',198388526),
 (4939,809,'week12',178142840),
 (4940,809,'чешский',178142840),
 (4941,809,'греческий',178142840),
 (4942,809,'английский',178142840),
 (4943,809,'русский',178142840),
 (4944,331,'week10',185746785),
 (4945,331,'русский',185746785),
 (4946,792,'week12',121655298),
 (4947,792,'русский',121655298),
 (4948,792,'польский',121655298),
 (4949,1589,'итальянский',163946960),
 (4950,1589,'week12',163946960),
 (4951,1587,'турецкий',163946960),
 (4952,1587,'week12',163946960),
 (4953,20,'week12',201558580),
 (4954,20,'белорусский',201558580),
 (4955,20,'японский',201558580),
 (4956,35,'week12',201598594),
 (4957,35,'корейский',201598594),
 (4958,35,'японский',201598594),
 (4959,35,'английский',201598594),
 (4960,2204,'week12',175092537),
 (4961,2204,'корейский',175092537),
 (4962,2204,'русский',175092537),
 (4963,742,'японский',135202265),
 (4964,742,'русский',135202265),
 (4965,742,'week12',135202265),
 (4966,356,'week12',200332300),
 (4967,356,'корейский',200332300),
 (4968,356,'английский',200332300),
 (4969,356,'русский',200332300),
 (4970,1676,'корейский',189200969),
 (4971,1676,'английский',189200969),
 (4972,1676,'week12',189200969),
 (4973,16,'week12',606409945),
 (4974,16,'корейский',606409945),
 (4975,16,'немецкий',606409945),
 (4976,16,'русский',606409945),
 (4977,70,'week12',201524013),
 (4978,70,'испанский',201524013),
 (4979,339,'week12',197094408),
 (4980,339,'иврит',197094408),
 (4981,1311,'week12',154690254),
 (4982,1311,'французский',154690254),
 (4983,1311,'русский',154690254),
 (4984,1311,'английский',154690254),
 (4985,1888,'русский',79012646),
 (4986,1888,'корейский',79012646),
 (4987,1888,'английский',79012646),
 (4988,1888,'музыка',79012646),
 (4989,1888,'week12',79012646),
 (4990,4515,'week12',182087795),
 (4991,4515,'английский',182087795),
 (4992,4515,'корейский',182087795),
 (4993,4515,'русский',182087795),
 (4994,121,'week12',170004134),
 (4995,2475,'week12',154374270),
 (4996,2475,'польский',154374270),
 (4997,2475,'русский',154374270),
 (4998,2475,'испанский',154374270),
 (4999,530,'корейский',198935420),
 (5000,530,'английский',198935420),
 (5001,530,'русский',198935420),
 (5002,530,'румынский',198935420),
 (5003,530,'week12',198935420),
 (5004,336,'турецкий',172832130),
 (5005,336,'польский',172832130),
 (5006,336,'английский',172832130),
 (5007,336,'древнеисландский',172832130),
 (5008,336,'шведский',172832130),
 (5009,336,'week12',172832130),
 (5010,324,'week12',196480810),
 (5011,324,'английский',196480810),
 (5012,324,'китайский',196480810),
 (5013,324,'русский',196480810),
 (5014,324,'японский',196480810),
 (5015,136,'корейский',136722257),
 (5016,662,'немецкий',194094922),
 (5017,662,'week12',194094922),
 (5018,346,'week11',200332300),
 (5019,346,'корейский',200332300),
 (5020,346,'английский',200332300),
 (5021,346,'русский',200332300),
 (5022,527,'корейский',198935420),
 (5023,99,'корейский',201513094),
 (5024,736,'русский',134647678),
 (5025,736,'английский',134647678),
 (5026,736,'week11',134647678),
 (5027,740,'японский',135202265),
 (5028,740,'английский',135202265),
 (5029,740,'русский',135202265),
 (5030,740,'week11',135202265),
 (5031,221,'корейский',192351766),
 (5032,221,'week9',192351766),
 (5033,656,'немецкий',194094922),
 (5034,656,'week12',194094922),
 (5035,1005,'week11',176692851),
 (5036,1005,'русский',176692851),
 (5037,740,'японский',135202265),
 (5038,740,'английский',135202265),
 (5039,740,'русский',135202265),
 (5040,740,'week11',135202265),
 (5041,221,'корейский',192351766),
 (5042,221,'week9',192351766),
 (5043,656,'немецкий',194094922),
 (5044,656,'week12',194094922),
 (5045,1005,'week11',176692851),
 (5046,1005,'русский',176692851),
 (5047,1002,'week11',176692851),
 (5048,1002,'английский',176692851),
 (5049,2182,'week10',175092537),
 (5050,2182,'корейский',175092537),
 (5051,2182,'русский',175092537),
 (5052,2182,'week11',175092537),
 (5053,2182,'корейский',175092537),
 (5054,2182,'русский',175092537),
 (5055,1276,'week11',154690254),
 (5056,1276,'французский',154690254),
 (5057,1276,'русский',154690254),
 (5058,1276,'английский',154690254),
 (5059,251,'week11',145846646),
 (5060,133,'корейский',136722257),
 (5061,133,'week11',136722257),
 (5062,19,'week11',201558580),
 (5063,19,'белорусский',201558580),
 (5064,19,'японский',201558580),
 (5065,121,'week11',176088054),
 (5066,121,'корейский',176088054),
 (5067,121,'русский',176088054),
 (5068,121,'английский',176088054),
 (5069,798,'week11',178142840),
 (5070,798,'чешский',178142840),
 (5071,798,'греческий',178142840),
 (5072,798,'английский',178142840),
 (5073,798,'русский',178142840),
 (5074,31,'week11',201598594),
 (5075,31,'корейский',201598594),
 (5076,31,'японский',201598594),
 (5077,31,'английский',201598594),
 (5078,241,'русский',191293542),
 (5079,241,'11',191293542),
 (5080,467,'русский',196747649),
 (5081,467,'английский',196747649),
 (5082,467,'немецкий',196747649),
 (5083,467,'week11',196747649),
 (5084,293,'week10',198944960),
 (5085,293,'week11',198944960),
 (5086,293,'итальянский',198944960),
 (5087,1659,'корейский',189200969),
 (5088,1659,'английский',189200969),
 (5089,1659,'week11',189200969),
 (5090,4443,'week11',182087795),
 (5091,4443,'английский',182087795),
 (5092,4443,'корейский',182087795),
 (5093,4443,'русский',182087795),
 (5094,67,'week11',201524013),
 (5095,67,'испанский',201524013),
 (5096,330,'week9',185746785),
 (5097,330,'русский',185746785),
 (5098,1878,'русский',79012646),
 (5099,1878,'корейский',79012646),
 (5100,1878,'английский',79012646),
 (5101,1878,'музыка',79012646),
 (5102,1878,'week11',79012646),
 (5103,434,'week11',176274365),
 (5104,434,'немецкий',176274365),
 (5105,15,'week11',606409945),
 (5106,15,'французский',606409945),
 (5107,15,'немецкий',606409945),
 (5108,15,'корейский',606409945),
 (5109,120,'week11',170004134),
 (5110,120,'корейский',170004134),
 (5111,120,'художественные',170004134),
 (5112,120,'карьера',170004134),
 (5113,786,'week11',121655298),
 (5114,786,'русский',121655298),
 (5115,786,'польский',121655298),
 (5116,1436,'week11',64636104),
 (5117,1436,'польский',64636104),
 (5118,26,'week9',201536421),
 (5119,26,'week10',201536421),
 (5120,26,'week11',201536421),
 (5121,26,'корейский',201536421),
 (5122,335,'английский',172832130),
 (5123,335,'турецкий',172832130),
 (5124,335,'древнеисландский',172832130),
 (5125,335,'шведский',172832130),
 (5126,335,'week11',172832130),
 (5127,2464,'week11',154374270),
 (5128,2464,'польский',154374270),
 (5129,330,'week10',197094408),
 (5130,330,'идиш',197094408),
 (5131,330,'иврит',197094408),
 (5132,330,'английский',197094408),
 (5133,330,'литовский',197094408),
 (5134,314,'week11',196480810),
 (5135,314,'английский',196480810),
 (5136,314,'китайский',196480810),
 (5137,314,'русский',196480810),
 (5138,314,'японский',196480810),
 (5139,523,'корейский',198935420),
 (5140,523,'английский',198935420),
 (5141,523,'румынский',198935420),
 (5142,523,'week11',198935420),
 (5143,652,'немецкий',194094922),
 (5144,652,'week11',194094922),
 (5145,322,'week10',200332300),
 (5146,322,'корейский',200332300),
 (5147,322,'английский',200332300),
 (5148,322,'русский',200332300),
 (5149,727,'немецкий',134647678),
 (5150,727,'английский',134647678),
 (5151,727,'русский',134647678),
 (5152,727,'week10',134647678),
 (5153,93,'корейский',201513094),
 (5154,1288,'корейский',164710476),
 (5155,1288,'английский',164710476),
 (5156,1288,'корейский',164710476),
 (5157,1288,'корейский',164710476),
 (5158,1288,'английский',164710476),
 (5159,329,'week8',185746785),
 (5160,329,'русский',185746785),
 (5161,517,'корейский',198935420),
 (5162,665,'week9',117144631),
 (5163,665,'английский',117144631),
 (5164,516,'корейский',198935420),
 (5165,779,'нидерландский',196133581),
 (5166,779,'испанский',196133581),
 (5167,779,'английский',196133581),
 (5168,779,'русский',196133581),
 (5169,130,'корейский',136722257),
 (5170,130,'week10',136722257),
 (5171,433,'week10',176274365),
 (5172,433,'немецкий',176274365),
 (5173,1240,'week10',154690254),
 (5174,1240,'французский',154690254),
 (5175,1240,'русский',154690254),
 (5176,1240,'английский',154690254),
 (5177,1571,'итальянский',163946960),
 (5178,1571,'week11',163946960),
 (5179,1570,'турецкий',163946960),
 (5180,1570,'week11',163946960),
 (5181,18,'week10',201558580),
 (5182,18,'белорусский',201558580),
 (5183,18,'японский',201558580),
 (5184,4369,'week10',182087795),
 (5185,4369,'английский',182087795),
 (5186,4369,'корейский',182087795),
 (5187,4369,'русский',182087795),
 (5188,739,'week10',186570628),
 (5189,739,'английский',186570628),
 (5190,739,'венгерский',186570628),
 (5191,739,'немецкий',186570628),
 (5192,13,'week10',606409945),
 (5193,13,'французский',606409945),
 (5194,13,'корейский',606409945),
 (5195,737,'японский',135202265),
 (5196,737,'русский',135202265),
 (5197,737,'английский',135202265),
 (5198,737,'week10',135202265),
 (5199,250,'week10',145846646),
 (5200,218,'корейский',192351766),
 (5201,218,'week8',192351766),
 (5202,119,'week10',170004134),
 (5203,119,'корейский',170004134),
 (5204,119,'художественные',170004134),
 (5205,119,'карьера',170004134),
 (5206,28,'week10',201598594),
 (5207,28,'корейский',201598594),
 (5208,28,'японский',201598594),
 (5209,28,'английский',201598594),
 (5210,3511,'английский',153698964),
 (5211,3511,'week10',153698964),
 (5212,788,'week10',178142840),
 (5213,788,'чешский',178142840),
 (5214,788,'греческий',178142840),
 (5215,788,'русский',178142840),
 (5216,1640,'корейский',189200969),
 (5217,1640,'английский',189200969),
 (5218,1640,'week10',189200969),
 (5219,501,'корейский',198935420),
 (5220,784,'week10',121655298),
 (5221,784,'русский',121655298),
 (5222,1866,'русский',79012646),
 (5223,1866,'корейский',79012646),
 (5224,1866,'английский',79012646),
 (5225,1866,'музыка',79012646),
 (5226,1866,'week10',79012646),
 (5227,2459,'week10',154374270),
 (5228,2459,'польский',154374270),
 (5229,2459,'русский',154374270),
 (5230,62,'week10',201524013),
 (5231,62,'испанский',201524013),
 (5232,313,'week10',196480810),
 (5233,313,'английский',196480810),
 (5234,313,'китайский',196480810),
 (5235,313,'русский',196480810),
 (5236,313,'японский',196480810),
 (5237,124,'английский',188353878),
 (5238,124,'week10',188353878),
 (5239,333,'английский',172832130),
 (5240,333,'турецкий',172832130),
 (5241,333,'древнеисландский',172832130),
 (5242,333,'польский',172832130),
 (5243,333,'шведский',172832130),
 (5244,333,'словацкий',172832130),
 (5245,333,'музыка',172832130),
 (5246,333,'week10',172832130),
 (5247,320,'week10',197094408),
 (5248,320,'идиш',197094408),
 (5249,320,'иврит',197094408),
 (5250,320,'французский',197094408),
 (5251,320,'английский',197094408),
 (5252,56,'английский',201505809),
 (5253,56,'корейский',201505809),
 (5254,56,'week10',201505809),
 (5255,1431,'week10',64636104),
 (5256,1431,'польский',64636104),
 (5257,77,'испанский',184586551),
 (5258,55,'английский',201505809),
 (5259,424,'week9',157799012),
 (5260,424,'русский',157799012),
 (5261,424,'английский',157799012),
 (5262,118,'week8',170004134),
 (5263,118,'week9',170004134),
 (5264,118,'Февраль',170004134),
 (5265,118,'корейский',170004134),
 (5266,118,'художественные',170004134),
 (5267,118,'карьера',170004134),
 (5268,492,'корейский',198935420),
 (5269,216,'корейский',192351766),
 (5270,216,'week7',192351766),
 (5271,111,'английский',188353878),
 (5272,111,'week10',188353878),
 (5273,664,'week8',117144631),
 (5274,664,'английский',117144631),
 (5275,721,'немецкий',134647678),
 (5276,721,'английский',134647678),
 (5277,721,'week9',134647678),
 (5278,485,'корейский',198935420),
 (5279,78,'корейский',201513094),
 (5280,283,'week9',198944960),
 (5281,283,'итальянский',198944960),
 (5282,10,'корейский',201601730),
 (5283,10,'русский',201601730),
 (5284,10,'week9',201601730),
 (5285,278,'week9',200332300),
 (5286,278,'корейский',200332300),
 (5287,278,'английский',200332300),
 (5288,278,'немецкий',200332300),
 (5289,278,'русский',200332300),
 (5290,753,'нидерландский',196133581),
 (5291,753,'испанский',196133581),
 (5292,753,'английский',196133581),
 (5293,753,'русский',196133581),
 (5294,431,'week9',176274365),
 (5295,431,'немецкий',176274365),
 (5296,482,'корейский',198935420),
 (5297,422,'week9',198388526),
 (5298,422,'корейский',198388526),
 (5299,422,'русский',198388526),
 (5300,76,'испанский',184586551),
 (5301,76,'русский',184586551),
 (5302,328,'week7',185746785),
 (5303,328,'русский',185746785),
 (5304,128,'week9',136722257),
 (5305,234,'корейский',191293542),
 (5306,234,'week9',191293542),
 (5307,2130,'week9',175092537),
 (5308,2130,'корейский',175092537),
 (5309,2130,'русский',175092537),
 (5310,17,'week9',201558580),
 (5311,17,'белорусский',201558580),
 (5312,17,'японский',201558580),
 (5313,734,'японский',135202265),
 (5314,734,'русский',135202265),
 (5315,734,'week9',135202265),
 (5316,3486,'английский',153698964),
 (5317,3486,'week9',153698964),
 (5318,4308,'week9',182087795),
 (5319,4308,'английский',182087795),
 (5320,4308,'корейский',182087795),
 (5321,4308,'русский',182087795),
 (5322,27,'week9',201598594),
 (5323,27,'корейский',201598594),
 (5324,27,'японский',201598594),
 (5325,27,'английский',201598594),
 (5326,780,'week9',178142840),
 (5327,780,'русский',178142840),
 (5328,780,'чешский',178142840),
 (5329,780,'греческий',178142840),
 (5330,721,'week9',186570628),
 (5331,721,'английский',186570628),
 (5332,721,'венгерский',186570628),
 (5333,12,'week9',606409945),
 (5334,12,'немецкий',606409945),
 (5335,12,'русский',606409945),
 (5336,1624,'корейский',189200969),
 (5337,1624,'английский',189200969),
 (5338,1624,'week9',189200969),
 (5339,249,'week9',145846646),
 (5340,120,'week9',176088054),
 (5341,120,'корейский',176088054),
 (5342,120,'русский',176088054),
 (5343,120,'английский',176088054),
 (5344,781,'week9',121655298),
 (5345,781,'польский',121655298),
 (5346,781,'русский',121655298),
 (5347,1193,'week9',154690254),
 (5348,1193,'французский',154690254),
 (5349,1193,'русский',154690254),
 (5350,1193,'английский',154690254),
 (5351,1851,'русский',79012646),
 (5352,1851,'корейский',79012646),
 (5353,1851,'английский',79012646),
 (5354,1851,'музыка',79012646),
 (5355,1851,'week9',79012646),
 (5356,299,'week9',197094408),
 (5357,299,'идиш',197094408),
 (5358,299,'иврит',197094408),
 (5359,299,'французский',197094408),
 (5360,299,'английский',197094408),
 (5361,1421,'week9',64636104),
 (5362,1421,'русский',64636104),
 (5363,1421,'польский',64636104),
 (5364,1421,'испанский',64636104),
 (5365,478,'корейский',198935420),
 (5366,478,'английский',198935420),
 (5367,478,'румынский',198935420),
 (5368,478,'week9',198935420),
 (5369,332,'турецкий',172832130),
 (5370,332,'древнеисландский',172832130),
 (5371,332,'польский',172832130),
 (5372,332,'шведский',172832130),
 (5373,332,'словацкий',172832130),
 (5374,332,'музыка',172832130),
 (5375,332,'week9',172832130),
 (5376,304,'week9',196480810),
 (5377,304,'английский',196480810),
 (5378,304,'китайский',196480810),
 (5379,304,'русский',196480810),
 (5380,304,'японский',196480810),
 (5381,59,'week9',201524013),
 (5382,59,'испанский',201524013),
 (5383,2448,'week9',154374270),
 (5384,2448,'русский',154374270),
 (5385,2448,'польский',154374270),
 (5386,303,'китайский',196480810),
 (5387,477,'корейский',198935420),
 (5388,472,'корейский',198935420),
 (5389,300,'русский',196480810),
 (5390,214,'корейский',192351766),
 (5391,466,'корейский',198935420),
 (5392,73,'китайский',199035145),
 (5393,73,'английский',199035145),
 (5394,73,'week1',199035145),
 (5395,463,'корейский',198935420),
 (5396,625,'немецкий',194094922),
 (5397,625,'week9',194094922),
 (5398,212,'корейский',192351766),
 (5399,212,'week6',192351766),
 (5400,1558,'испанский',163946960),
 (5401,1558,'week10',163946960),
 (5402,61,'русский',200721474),
 (5403,61,'английский',200721474),
 (5404,38,'week7',197237999),
 (5405,38,'week8',197237999),
 (5406,38,'английский',197237999),
 (5407,38,'русский',197237999),
 (5408,1556,'турецкий',163946960),
 (5409,2108,'week8',175092537),
 (5410,2108,'корейский',175092537),
 (5411,2108,'русский',175092537),
 (5412,706,'немецкий',134647678),
 (5413,706,'week7',134647678),
 (5414,622,'немецкий',194094922),
 (5415,622,'week9',194094922),
 (5416,461,'корейский',198935420),
 (5417,1553,'турецкий',163946960),
 (5418,215,'китайский',191293542),
 (5419,215,'week8',191293542),
 (5420,671,'week8',190923273),
 (5421,671,'итальянский',190923273),
 (5422,671,'русский',190923273),
 (5423,671,'испанский',190923273),
 (5424,1847,'русский',79012646),
 (5425,1847,'корейский',79012646),
 (5426,1847,'английский',79012646),
 (5427,1847,'музыка',79012646),
 (5428,1847,'week8',79012646),
 (5429,327,'week6',185746785),
 (5430,327,'русский',185746785),
 (5431,617,'немецкий',194094922),
 (5432,617,'week9',194094922),
 (5433,458,'корейский',198935420),
 (5434,4208,'week8',182087795),
 (5435,4208,'английский',182087795),
 (5436,4208,'корейский',182087795),
 (5437,4208,'русский',182087795),
 (5438,769,'week8',121655298),
 (5439,769,'украинский',121655298),
 (5440,769,'польский',121655298),
 (5441,769,'русский',121655298),
 (5442,769,'английский',121655298),
 (5443,769,'испанский',121655298),
 (5444,769,'английский',121655298),
 (5445,769,'турецкий',121655298),
 (5446,3915,'японский',181195799),
 (5447,3915,'корейский',181195799),
 (5448,3915,'английский',181195799),
 (5449,3915,'русский',181195799),
 (5450,416,'week8',157799012),
 (5451,416,'русский',157799012),
 (5452,416,'английский',157799012),
 (5453,733,'японский',135202265),
 (5454,733,'русский',135202265),
 (5455,733,'английский',135202265),
 (5456,733,'week8',135202265),
 (5457,3479,'английский',153698964),
 (5458,3479,'week8',153698964),
 (5459,16,'week8',201558580),
 (5460,16,'белорусский',201558580),
 (5461,16,'японский',201558580),
 (5462,24,'week8',201536421),
 (5463,24,'корейский',201536421),
 (5464,25,'week8',201598594),
 (5465,25,'корейский',201598594),
 (5466,25,'японский',201598594),
 (5467,25,'английский',201598594),
 (5468,415,'week8',176274365),
 (5469,415,'немецкий',176274365),
 (5470,11,'week8',606409945),
 (5471,11,'немецкий',606409945),
 (5472,11,'корейский',606409945),
 (5473,119,'week8',176088054),
 (5474,119,'корейский',176088054),
 (5475,119,'русский',176088054),
 (5476,119,'английский',176088054),
 (5477,1147,'week8',154690254),
 (5478,1147,'французский',154690254),
 (5479,1147,'русский',154690254),
 (5480,1147,'английский',154690254),
 (5481,38,'корейский',197779423),
 (5482,38,'английский',197779423),
 (5483,38,'week7',197779423),
 (5484,38,'week8',197779423),
 (5485,956,'week8',176692851),
 (5486,956,'русский',176692851),
 (5487,955,'week8',176692851),
 (5488,955,'английский',176692851),
 (5489,1608,'корейский',189200969),
 (5490,1608,'английский',189200969),
 (5491,1608,'week8',189200969),
 (5492,105,'английский',136722257),
 (5493,105,'польский',136722257),
 (5494,105,'корейский',136722257),
 (5495,105,'week8',136722257),
 (5496,328,'английский',172832130),
 (5497,328,'турецкий',172832130),
 (5498,328,'древнеисландский',172832130),
 (5499,328,'польский',172832130),
 (5500,328,'week8',172832130),
 (5501,662,'week7',117144631),
 (5502,662,'английский',117144631),
 (5503,975,'week8',188953590),
 (5504,975,'английский',188953590),
 (5505,975,'немецкий',188953590),
 (5506,975,'испанский',188953590),
 (5507,975,'французский',188953590),
 (5508,975,'корейский',188953590),
 (5509,276,'week8',198944960),
 (5510,276,'итальянский',198944960),
 (5511,450,'корейский',198935420),
 (5512,590,'корейский',197598438),
 (5513,590,'английский',197598438),
 (5514,590,'русский',197598438),
 (5515,590,'week8',197598438),
 (5516,9,'корейский',201601730),
 (5517,9,'русский',201601730),
 (5518,9,'week8',201601730),
 (5519,609,'немецкий',194094922),
 (5520,609,'week8',194094922),
 (5521,1550,'турецкий',163946960),
 (5522,417,'week7',198388526),
 (5523,417,'корейский',198388526),
 (5524,417,'русский',198388526),
 (5525,417,'week8',198388526),
 (5526,417,'корейский',198388526),
 (5527,768,'week8',178142840),
 (5528,768,'русский',178142840),
 (5529,768,'чешский',178142840),
 (5530,768,'греческий',178142840),
 (5531,2407,'week8',154374270),
 (5532,2407,'польский',154374270),
 (5533,2407,'русский',154374270),
 (5534,1538,'турецкий',163946960),
 (5535,1538,'week9',163946960),
 (5536,707,'week8',186570628),
 (5537,707,'английский',186570628),
 (5538,707,'венгерский',186570628),
 (5539,1402,'week8',64636104),
 (5540,1402,'русский',64636104),
 (5541,448,'корейский',198935420),
 (5542,448,'английский',198935420),
 (5543,448,'румынский',198935420),
 (5544,448,'week8',198935420),
 (5545,274,'week8',197094408),
 (5546,274,'идиш',197094408),
 (5547,274,'иврит',197094408),
 (5548,298,'week8',196480810),
 (5549,298,'английский',196480810),
 (5550,298,'китайский',196480810),
 (5551,298,'русский',196480810),
 (5552,298,'японский',196480810),
 (5553,428,'английский',196747649),
 (5554,428,'week8',196747649),
 (5555,55,'week8',201524013),
 (5556,55,'испанский',201524013),
 (5557,248,'week8',145846646),
 (5558,446,'корейский',198935420),
 (5559,261,'week7',200332300),
 (5560,261,'week8',200332300),
 (5561,261,'корейский',200332300),
 (5562,261,'английский',200332300),
 (5563,261,'русский',200332300),
 (5564,1534,'турецкий',163946960),
 (5565,69,'корейский',201513094),
 (5566,602,'немецкий',194094922),
 (5567,602,'week8',194094922),
 (5568,1526,'испанский',163946960),
 (5569,1526,'week7',163946960),
 (5570,1511,'турецкий',163946960),
 (5571,210,'корейский',192351766),
 (5572,210,'week5',192351766),
 (5573,445,'корейский',198935420),
 (5574,294,'китайский',196480810),
 (5575,1502,'турецкий',163946960),
 (5576,415,'week7',157799012),
 (5577,415,'русский',157799012),
 (5578,415,'английский',157799012),
 (5579,444,'корейский',198935420),
 (5580,11,'week6',201610143),
 (5581,11,'week7',201610143),
 (5582,693,'немецкий',134647678),
 (5583,693,'английский',134647678),
 (5584,693,'week8',134647678),
 (5585,210,'корейский',191293542),
 (5586,210,'week7',191293542),
 (5587,594,'немецкий',194094922),
 (5588,594,'week8',194094922),
 (5589,1495,'турецкий',163946960),
 (5590,1494,'турецкий',163946960),
 (5591,22,'week7',201536421),
 (5592,22,'корейский',201536421),
 (5593,2082,'week7',175092537),
 (5594,2082,'корейский',175092537),
 (5595,2082,'русский',175092537),
 (5596,4124,'week7',182087795),
 (5597,4124,'английский',182087795),
 (5598,4124,'корейский',182087795),
 (5599,4124,'русский',182087795),
 (5600,1053,'week7',172961692),
 (5601,1053,'испанский',172961692),
 (5602,1053,'английский',172961692),
 (5603,1053,'русский',172961692),
 (5604,246,'week7',145846646),
 (5605,442,'корейский',198935420),
 (5606,676,'нидерландский',196133581),
 (5607,676,'испанский',196133581),
 (5608,676,'английский',196133581),
 (5609,676,'русский',196133581),
 (5610,267,'week7',198944960),
 (5611,267,'итальянский',198944960),
 (5612,1131,'week7',154690254),
 (5613,1131,'французский',154690254),
 (5614,1131,'русский',154690254),
 (5615,1131,'английский',154690254),
 (5616,36,'week7',198716246),
 (5617,36,'корейский',198716246),
 (5618,36,'английский',198716246),
 (5619,36,'русский',198716246),
 (5620,326,'week5',185746785),
 (5621,326,'русский',185746785),
 (5622,117,'week7',170004134),
 (5623,117,'корейский',170004134),
 (5624,117,'художественные',170004134),
 (5625,117,'карьера',170004134),
 (5626,948,'week7',176692851),
 (5627,948,'английский',176692851),
 (5628,947,'week7',176692851),
 (5629,947,'русский',176692851),
 (5630,36,'week4',186650950),
 (5631,36,'week5',186650950),
 (5632,36,'week6',186650950),
 (5633,36,'английский',186650950),
 (5634,1836,'русский',79012646),
 (5635,1836,'корейский',79012646),
 (5636,1836,'английский',79012646),
 (5637,1836,'музыка',79012646),
 (5638,1836,'week7',79012646),
 (5639,744,'week7',178142840),
 (5640,744,'русский',178142840),
 (5641,744,'чешский',178142840),
 (5642,100,'корейский',136722257),
 (5643,100,'английский',136722257),
 (5644,100,'польский',136722257),
 (5645,100,'week7',136722257),
 (5646,118,'week7',176088054),
 (5647,118,'корейский',176088054),
 (5648,118,'русский',176088054),
 (5649,118,'английский',176088054),
 (5650,15,'week7',201558580),
 (5651,15,'белорусский',201558580),
 (5652,15,'японский',201558580),
 (5653,1491,'турецкий',163946960),
 (5654,1491,'испанский',163946960),
 (5655,1491,'week7',163946960),
 (5656,23,'week7',201598594),
 (5657,23,'корейский',201598594),
 (5658,23,'японский',201598594),
 (5659,23,'английский',201598594),
 (5660,1399,'week7',64636104),
 (5661,1399,'польский',64636104),
 (5662,405,'week7',176274365),
 (5663,405,'немецкий',176274365),
 (5664,661,'week6',117144631),
 (5665,661,'английский',117144631),
 (5666,896,'week7',188953590),
 (5667,896,'английский',188953590),
 (5668,896,'испанский',188953590),
 (5669,732,'японский',135202265),
 (5670,732,'week7',135202265),
 (5671,766,'week7',121655298),
 (5672,766,'русский',121655298),
 (5673,766,'английский',121655298),
 (5674,766,'турецкий',121655298),
 (5675,766,'украинский',121655298),
 (5676,766,'польский',121655298),
 (5677,766,'испанский',121655298),
 (5678,3477,'английский',153698964),
 (5679,3477,'week7',153698964),
 (5680,1592,'week7',189200969),
 (5681,1592,'корейский',189200969),
 (5682,1592,'английский',189200969),
 (5683,327,'английский',172832130),
 (5684,327,'турецкий',172832130),
 (5685,327,'древнеисландский',172832130),
 (5686,327,'польский',172832130),
 (5687,327,'week7',172832130),
 (5688,259,'идиш',197094408),
 (5689,259,'иврит',197094408),
 (5690,259,'week7',197094408),
 (5691,10,'week7',606409945),
 (5692,10,'русский',606409945),
 (5693,10,'немецкий',606409945),
 (5694,579,'корейский',197598438),
 (5695,579,'английский',197598438),
 (5696,579,'русский',197598438),
 (5697,579,'week7',197598438),
 (5698,75,'испанский',184586551),
 (5699,590,'немецкий',194094922),
 (5700,590,'week7',194094922),
 (5701,589,'немецкий',194094922),
 (5702,589,'week7',194094922),
 (5703,284,'week7',196480810),
 (5704,284,'английский',196480810),
 (5705,284,'китайский',196480810),
 (5706,284,'русский',196480810),
 (5707,284,'японский',196480810),
 (5708,2384,'week7',154374270),
 (5709,2384,'польский',154374270),
 (5710,51,'week7',201524013),
 (5711,51,'испанский',201524013),
 (5712,236,'испанский',183616934),
 (5713,44,'русский',201617494),
 (5714,44,'week6',201617494),
 (5715,437,'корейский',198935420),
 (5716,228,'испанский',183616934),
 (5717,228,'русский',183616934),
 (5718,228,'_week5',183616934),
 (5719,579,'немецкий',194094922),
 (5720,579,'week7',194094922),
 (5721,414,'week6',157799012),
 (5722,414,'русский',157799012),
 (5723,414,'английский',157799012),
 (5724,414,'французский',157799012),
 (5725,432,'корейский',198935420),
 (5726,578,'немецкий',194094922),
 (5727,578,'week7',194094922),
 (5728,431,'корейский',198935420),
 (5729,731,'японский',135202265),
 (5730,731,'русский',135202265),
 (5731,731,'английский',135202265),
 (5732,731,'week6',135202265),
 (5733,35,'week6',197237999),
 (5734,35,'английский',197237999),
 (5735,35,'русский',197237999),
 (5736,204,'корейский',191293542),
 (5737,204,'week6',191293542),
 (5738,2072,'week6',175092537),
 (5739,2072,'корейский',175092537),
 (5740,415,'week5',198388526),
 (5741,415,'корейский',198388526),
 (5742,415,'русский',198388526),
 (5743,415,'week6',198388526),
 (5744,415,'корейский',198388526),
 (5745,49,'week6',201524013),
 (5746,49,'испанский',201524013),
 (5747,19,'week6',201536421),
 (5748,19,'корейский',201536421),
 (5749,19,'китайский',201536421),
 (5750,176,'week6',151798666),
 (5751,176,'английский',151798666),
 (5752,430,'корейский',198935420),
 (5753,207,'корейский',192351766),
 (5754,207,'week5',192351766),
 (5755,654,'нидерландский',196133581),
 (5756,654,'испанский',196133581),
 (5757,654,'английский',196133581),
 (5758,654,'русский',196133581),
 (5759,685,'немецкий',134647678),
 (5760,685,'русский',134647678),
 (5761,685,'английский',134647678),
 (5762,685,'week6',134647678),
 (5763,429,'корейский',198935420),
 (5764,37,'английский',197779423),
 (5765,37,'week6',197779423),
 (5766,737,'week6',178142840),
 (5767,737,'русский',178142840),
 (5768,737,'чешский',178142840),
 (5769,1038,'week6',172961692),
 (5770,1038,'испанский',172961692),
 (5771,1038,'английский',172961692),
 (5772,1038,'русский',172961692),
 (5773,1817,'русский',79012646),
 (5774,1817,'корейский',79012646),
 (5775,1817,'английский',79012646),
 (5776,1817,'музыка',79012646),
 (5777,1817,'python',79012646),
 (5778,1817,'week6',79012646),
 (5779,96,'корейский',136722257),
 (5780,96,'английский',136722257),
 (5781,96,'польский',136722257),
 (5782,96,'week6',136722257),
 (5783,401,'week6',176274365),
 (5784,401,'немецкий',176274365),
 (5785,117,'week6',176088054),
 (5786,117,'корейский',176088054),
 (5787,117,'русский',176088054),
 (5788,117,'английский',176088054),
 (5789,871,'week4',188953590),
 (5790,871,'английский',188953590),
 (5791,871,'испанский',188953590),
 (5792,3473,'английский',153698964),
 (5793,3473,'week6',153698964),
 (5794,4057,'week6',182087795),
 (5795,4057,'английский',182087795),
 (5796,4057,'корейский',182087795),
 (5797,4057,'русский',182087795),
 (5798,14,'week6',201558580),
 (5799,14,'белорусский',201558580),
 (5800,14,'японский',201558580),
 (5801,21,'week6',201598594),
 (5802,21,'корейский',201598594),
 (5803,21,'японский',201598594),
 (5804,21,'английский',201598594),
 (5805,245,'week6',145846646),
 (5806,1118,'week6',154690254),
 (5807,1118,'французский',154690254),
 (5808,1118,'русский',154690254),
 (5809,1118,'английский',154690254),
 (5810,404,'русский',196747649),
 (5811,404,'week6',196747649),
 (5812,928,'week6',176692851),
 (5813,928,'английский',176692851),
 (5814,927,'week6',176692851),
 (5815,927,'русский',176692851),
 (5816,325,'week4',185746785),
 (5817,325,'русский',185746785),
 (5818,1562,'week6',189200969),
 (5819,1562,'корейский',189200969),
 (5820,1562,'английский',189200969),
 (5821,248,'идиш',197094408),
 (5822,248,'иврит',197094408),
 (5823,248,'week6',197094408),
 (5824,760,'week6',121655298),
 (5825,760,'русский',121655298),
 (5826,760,'английский',121655298),
 (5827,760,'турецкий',121655298),
 (5828,760,'польский',121655298),
 (5829,760,'испанский',121655298),
 (5830,13,'week4',201825482),
 (5831,13,'week5',201825482),
 (5832,13,'week6',201825482),
 (5833,13,'корейский',201825482),
 (5834,13,'английский',201825482),
 (5835,116,'week6',170004134),
 (5836,116,'корейский',170004134),
 (5837,116,'художественные',170004134),
 (5838,116,'карьера',170004134),
 (5839,660,'week5',117144631),
 (5840,660,'английский',117144631),
 (5841,263,'week6',198944960),
 (5842,263,'итальянский',198944960),
 (5843,43,'русский',201617494),
 (5844,43,'week5',201617494),
 (5845,571,'немецкий',194094922),
 (5846,571,'week6',194094922),
 (5847,2375,'week6',154374270),
 (5848,2375,'русский',154374270),
 (5849,2375,'польский',154374270),
 (5850,8,'русский',201601730),
 (5851,8,'корейский',201601730),
 (5852,8,'week5',201601730),
 (5853,8,'week6',201601730),
 (5854,557,'корейский',197598438),
 (5855,557,'английский',197598438),
 (5856,557,'русский',197598438),
 (5857,557,'week6',197598438),
 (5858,697,'week6',186570628),
 (5859,697,'английский',186570628),
 (5860,697,'русский',186570628),
 (5861,697,'венгерский',186570628),
 (5862,9,'week6',606409945),
 (5863,9,'немецкий',606409945),
 (5864,326,'английский',172832130),
 (5865,326,'турецкий',172832130),
 (5866,326,'древнеисландский',172832130),
 (5867,326,'польский',172832130),
 (5868,326,'музыка',172832130),
 (5869,326,'week6',172832130),
 (5870,1396,'week6',64636104),
 (5871,1396,'польский',64636104),
 (5872,1396,'испанский',64636104),
 (5873,74,'испанский',184586551),
 (5874,74,'русский',184586551),
 (5875,282,'week6',196480810),
 (5876,282,'английский',196480810),
 (5877,282,'китайский',196480810),
 (5878,282,'русский',196480810),
 (5879,282,'японский',196480810),
 (5880,221,'испанский',183616934),
 (5881,221,'_week5',183616934),
 (5882,416,'корейский',198935420),
 (5883,414,'корейский',198935420),
 (5884,567,'немецкий',194094922),
 (5885,567,'week6',194094922),
 (5886,413,'корейский',198935420),
 (5887,115,'корейский',170004134),
 (5888,115,'художественные',170004134),
 (5889,115,'карьера',170004134),
 (5890,349,'week5',184930530),
 (5891,349,'английский',184930530),
 (5892,10,'week5',201610143),
 (5893,412,'корейский',198935420),
 (5894,410,'корейский',198935420),
 (5895,562,'немецкий',194094922),
 (5896,562,'week6',194094922),
 (5897,561,'немецкий',194094922),
 (5898,561,'week6',194094922),
 (5899,175,'английский',151798666),
 (5900,34,'week5',197237999),
 (5901,34,'английский',197237999),
 (5902,34,'русский',197237999),
 (5903,42,'корейский',201617494),
 (5904,42,'week5',201617494),
 (5905,676,'немецкий',134647678),
 (5906,676,'русский',134647678),
 (5907,676,'week5',134647678),
 (5908,205,'корейский',192351766),
 (5909,205,'week4',192351766),
 (5910,95,'английский',136722257),
 (5911,95,'week6',136722257),
 (5912,409,'корейский',198935420),
 (5913,413,'week5',157799012),
 (5914,413,'русский',157799012),
 (5915,413,'английский',157799012),
 (5916,413,'французский',157799012),
 (5917,757,'week5',121655298),
 (5918,757,'турецкий',121655298),
 (5919,757,'русский',121655298),
 (5920,757,'английский',121655298),
 (5921,757,'польский',121655298),
 (5922,757,'испанский',121655298),
 (5923,3208,'русский',188985234),
 (5924,215,'_week4',183616934),
 (5925,215,'испанский',183616934),
 (5926,162,'корейский',192888577),
 (5927,162,'английский',192888577),
 (5928,162,'русский',192888577),
 (5929,162,'week4',192888577),
 (5930,162,'week5',192888577),
 (5931,2062,'week5',175092537),
 (5932,2062,'корейский',175092537),
 (5933,1021,'week5',172961692),
 (5934,1021,'испанский',172961692),
 (5935,1021,'английский',172961692),
 (5936,1021,'русский',172961692),
 (5937,179,'week5',140058046),
 (5938,41,'корейский',201617494),
 (5939,41,'week4',201617494),
 (5940,41,'русский',201617494),
 (5941,1394,'week5',64636104),
 (5942,1394,'польский',64636104),
 (5943,1394,'испанский',64636104),
 (5944,1394,'русский',64636104),
 (5945,35,'week5',197779423),
 (5946,35,'корейский',197779423),
 (5947,35,'английский',197779423),
 (5948,94,'корейский',136722257),
 (5949,94,'английский',136722257),
 (5950,94,'польский',136722257),
 (5951,94,'week5',136722257),
 (5952,45,'week5',201524013),
 (5953,45,'испанский',201524013),
 (5954,44,'week5',201290100),
 (5955,4040,'week5',41353389),
 (5956,4040,'корейский',41353389),
 (5957,4040,'русский',41353389),
 (5958,15,'week5',201536421),
 (5959,15,'корейский',201536421),
 (5960,15,'английский',201536421),
 (5961,15,'китайский',201536421),
 (5962,13,'week5',201558580),
 (5963,13,'белорусский',201558580),
 (5964,13,'японский',201558580),
 (5965,722,'японский',135202265),
 (5966,722,'русский',135202265),
 (5967,722,'week5',135202265),
 (5968,866,'week4',188953590),
 (5969,866,'английский',188953590),
 (5970,866,'немецкий',188953590),
 (5971,866,'испанский',188953590),
 (5972,866,'китайский',188953590),
 (5973,911,'week5',176692851),
 (5974,911,'русский',176692851),
 (5975,116,'week5',176088054),
 (5976,116,'корейский',176088054),
 (5977,116,'русский',176088054),
 (5978,116,'английский',176088054),
 (5979,16,'week5',201598594),
 (5980,16,'корейский',201598594),
 (5981,16,'японский',201598594),
 (5982,16,'английский',201598594),
 (5983,3464,'английский',153698964),
 (5984,3464,'week5',153698964),
 (5985,910,'week5',176692851),
 (5986,910,'английский',176692851),
 (5987,196,'русский',191293542),
 (5988,196,'английский',191293542),
 (5989,196,'китайский',191293542),
 (5990,196,'корейский',191293542),
 (5991,196,'week5',191293542),
 (5992,1086,'week5',154690254),
 (5993,1086,'французский',154690254),
 (5994,1086,'русский',154690254),
 (5995,1086,'английский',154690254),
 (5996,244,'week5',198944960),
 (5997,244,'итальянский',198944960),
 (5998,1540,'корейский',189200969),
 (5999,1540,'английский',189200969),
 (6000,1540,'week5',189200969),
 (6001,174,'week5',151798666),
 (6002,174,'английский',151798666),
 (6003,174,'украинский',151798666),
 (6004,174,'испанский',151798666),
 (6005,174,'французский',151798666),
 (6006,174,'турецкий',151798666),
 (6007,396,'week5',176274365),
 (6008,396,'немецкий',176274365),
 (6009,324,'week3',185746785),
 (6010,324,'русский',185746785),
 (6011,638,'нидерландский',196133581),
 (6012,638,'испанский',196133581),
 (6013,638,'английский',196133581),
 (6014,638,'русский',196133581),
 (6015,98,'week5',160116958),
 (6016,98,'английский',160116958),
 (6017,395,'английский',196747649),
 (6018,395,'week5',196747649),
 (6019,114,'week5',170004134),
 (6020,114,'корейский',170004134),
 (6021,114,'художественные',170004134),
 (6022,114,'карьера',170004134),
 (6023,4034,'week5',182087795),
 (6024,4034,'английский',182087795),
 (6025,4034,'корейский',182087795),
 (6026,4034,'русский',182087795),
 (6027,1804,'русский',79012646),
 (6028,1804,'корейский',79012646),
 (6029,1804,'английский',79012646),
 (6030,1804,'музыка',79012646),
 (6031,1804,'python',79012646),
 (6032,1804,'week5',79012646),
 (6033,240,'week5',197094408),
 (6034,240,'идиш',197094408),
 (6035,240,'иврит',197094408),
 (6036,240,'английский',197094408),
 (6037,544,'корейский',197598438),
 (6038,544,'английский',197598438),
 (6039,544,'русский',197598438),
 (6040,544,'week5',197598438),
 (6041,733,'week5',178142840),
 (6042,733,'русский',178142840),
 (6043,733,'чешский',178142840),
 (6044,244,'week5',145846646),
 (6045,325,'английский',172832130),
 (6046,325,'турецкий',172832130),
 (6047,325,'древнеисландский',172832130),
 (6048,325,'польский',172832130),
 (6049,325,'музыка',172832130),
 (6050,325,'week5',172832130),
 (6051,2357,'week5',154374270),
 (6052,2357,'русский',154374270),
 (6053,2357,'польский',154374270),
 (6054,658,'week4',117144631),
 (6055,658,'английский',117144631),
 (6056,40,'week4',201617494),
 (6057,40,'русский',201617494),
 (6058,278,'week5',196480810),
 (6059,278,'английский',196480810),
 (6060,278,'китайский',196480810),
 (6061,278,'русский',196480810),
 (6062,278,'японский',196480810),
 (6063,657,'week4',117144631),
 (6064,657,'испанский',117144631),
 (6065,554,'немецкий',194094922),
 (6066,554,'week5',194094922),
 (6067,656,'week4',117144631),
 (6068,656,'французский',117144631),
 (6069,553,'немецкий',194094922),
 (6070,553,'week5',194094922),
 (6071,692,'week5',186570628),
 (6072,692,'английский',186570628),
 (6073,692,'русский',186570628),
 (6074,692,'венгерский',186570628),
 (6075,394,'корейский',198935420),
 (6076,93,'английский',136722257),
 (6077,93,'week5',136722257),
 (6078,97,'английский',188353878),
 (6079,97,'week5',188353878),
 (6080,390,'корейский',198935420),
 (6081,24,'русский',201508629),
 (6082,172,'английский',151798666),
 (6083,546,'немецкий',194094922),
 (6084,546,'week5',194094922),
 (6085,382,'корейский',198935420),
 (6086,171,'английский',151798666),
 (6087,381,'корейский',198935420),
 (6088,38,'корейский',201617494),
 (6089,38,'week4',201617494),
 (6090,38,'русский',201617494),
 (6091,4383,'week4',135010378),
 (6092,4383,'корейский',135010378),
 (6093,4383,'индонезийский',135010378),
 (6094,4383,'английский',135010378),
 (6095,542,'немецкий',194094922),
 (6096,542,'week5',194094922),
 (6097,10,'английский',201579378),
 (6098,10,'японский',201579378),
 (6099,10,'испанский',201579378),
 (6100,10,'week4',201579378),
 (6101,4029,'week4',41353389),
 (6102,4029,'корейский',41353389),
 (6103,4029,'русский',41353389),
 (6104,322,'week4',172222781),
 (6105,37,'корейский',201617494),
 (6106,37,'week4',201617494),
 (6107,4378,'week4',135010378),
 (6108,4378,'корейский',135010378),
 (6109,4378,'индонезийский',135010378),
 (6110,4378,'английский',135010378),
 (6111,199,'корейский',192351766),
 (6112,199,'week3',192351766),
 (6113,537,'немецкий',194094922),
 (6114,537,'week5',194094922),
 (6115,12,'week3',201825482),
 (6116,12,'корейский',201825482),
 (6117,12,'английский',201825482),
 (6118,379,'корейский',198935420),
 (6119,266,'русский',196480810),
 (6120,265,'японский',196480810),
 (6121,92,'английский',136722257),
 (6122,92,'корейский',136722257),
 (6123,674,'немецкий',134647678),
 (6124,674,'русский',134647678),
 (6125,674,'week4',134647678),
 (6126,718,'японский',135202265),
 (6127,718,'русский',135202265),
 (6128,718,'week4',135202265),
 (6129,323,'week4',184930530),
 (6130,323,'русский',184930530),
 (6131,323,'английский',184930530),
 (6132,113,'Февраль',170004134),
 (6133,14,'week4',201536421),
 (6134,14,'корейский',201536421),
 (6135,14,'английский',201536421),
 (6136,14,'китайский',201536421),
 (6137,1787,'русский',79012646),
 (6138,1787,'корейский',79012646),
 (6139,1787,'английский',79012646),
 (6140,1787,'музыка',79012646),
 (6141,1787,'week4',79012646),
 (6142,4370,'week4',135010378),
 (6143,4370,'корейский',135010378),
 (6144,4370,'английский',135010378),
 (6145,410,'week4',157799012),
 (6146,410,'русский',157799012),
 (6147,410,'английский',157799012),
 (6148,410,'французский',157799012),
 (6149,178,'week4',140058046),
 (6150,411,'корейский',198388526),
 (6151,411,'русский',198388526),
 (6152,411,'английский',198388526),
 (6153,411,'week4',198388526),
 (6154,726,'week4',178142840),
 (6155,726,'русский',178142840),
 (6156,726,'английский',178142840),
 (6157,726,'чешский',178142840),
 (6158,59,'_week3',197302064),
 (6159,59,'английский',197302064),
 (6160,378,'корейский',198935420),
 (6161,620,'нидерландский',196133581),
 (6162,620,'испанский',196133581),
 (6163,620,'английский',196133581),
 (6164,620,'русский',196133581),
 (6165,170,'турецкий',151798666),
 (6166,170,'английский',151798666),
 (6167,170,'week4',151798666),
 (6168,170,'украинский',151798666),
 (6169,170,'испанский',151798666),
 (6170,170,'французский',151798666),
 (6171,96,'week4',116493485),
 (6172,96,'корейский',116493485),
 (6173,34,'week4',197779423),
 (6174,34,'корейский',197779423),
 (6175,34,'английский',197779423),
 (6176,800,'week3',184098184),
 (6177,800,'корейский',184098184),
 (6178,800,'русский',184098184),
 (6179,3619,'японский',181195799),
 (6180,3619,'корейский',181195799),
 (6181,3619,'русский',181195799),
 (6182,3207,'русский',188985234),
 (6183,3207,'корейский',188985234),
 (6184,89,'корейский',136722257),
 (6185,89,'английский',136722257),
 (6186,89,'польский',136722257),
 (6187,89,'английский',136722257),
 (6188,89,'корейский',136722257),
 (6189,89,'польский',136722257),
 (6190,89,'week4',136722257),
 (6191,33,'корейский',197779423),
 (6192,38,'week4',201290100),
 (6193,1391,'week4',64636104),
 (6194,1391,'польский',64636104),
 (6195,1391,'испанский',64636104),
 (6196,393,'week4',176274365),
 (6197,393,'немецкий',176274365),
 (6198,3454,'английский',153698964),
 (6199,3454,'week4',153698964),
 (6200,115,'week4',176088054),
 (6201,115,'корейский',176088054),
 (6202,115,'русский',176088054),
 (6203,115,'английский',176088054),
 (6204,11,'week4',201558580),
 (6205,11,'белорусский',201558580),
 (6206,11,'японский',201558580),
 (6207,323,'week2',185746785),
 (6208,323,'русский',185746785),
 (6209,9,'week4',201610143),
 (6210,14,'week4',201598594),
 (6211,14,'корейский',201598594),
 (6212,14,'японский',201598594),
 (6213,14,'английский',201598594),
 (6214,193,'английский',191293542),
 (6215,193,'китайский',191293542),
 (6216,193,'корейский',191293542),
 (6217,193,'русский',191293542),
 (6218,193,'week4',191293542),
 (6219,885,'week4',176692851),
 (6220,885,'русский',176692851),
 (6221,885,'английский',176692851),
 (6222,1074,'week4',154690254),
 (6223,1074,'французский',154690254),
 (6224,1074,'русский',154690254),
 (6225,1074,'английский',154690254),
 (6226,864,'week3',188953590),
 (6227,864,'английский',188953590),
 (6228,864,'немецкий',188953590),
 (6229,864,'испанский',188953590),
 (6230,864,'китайский',188953590),
 (6231,752,'week4',121655298),
 (6232,752,'турецкий',121655298),
 (6233,752,'русский',121655298),
 (6234,752,'польский',121655298),
 (6235,752,'английский',121655298),
 (6236,752,'испанский',121655298),
 (6237,194,'испанский',183616934),
 (6238,194,'_week2',183616934),
 (6239,2042,'week3',175092537),
 (6240,2042,'корейский',175092537),
 (6241,651,'week3',117144631),
 (6242,651,'китайский',117144631),
 (6243,1524,'корейский',189200969),
 (6244,1524,'английский',189200969),
 (6245,1524,'week4',189200969),
 (6246,41,'week4',201524013),
 (6247,41,'испанский',201524013),
 (6248,538,'week4',197598438),
 (6249,538,'корейский',197598438),
 (6250,538,'английский',197598438),
 (6251,538,'русский',197598438),
 (6252,377,'корейский',198935420),
 (6253,233,'week4',198944960),
 (6254,233,'итальянский',198944960),
 (6255,3970,'week4',182087795),
 (6256,3970,'английский',182087795),
 (6257,3970,'корейский',182087795),
 (6258,3970,'русский',182087795),
 (6259,661,'week4',190923273),
 (6260,661,'итальянский',190923273),
 (6261,2344,'week4',154374270),
 (6262,2344,'русский',154374270),
 (6263,2344,'польский',154374270),
 (6264,243,'week4',145846646),
 (6265,111,'week4',170004134),
 (6266,111,'Январь',170004134),
 (6267,111,'корейский',170004134),
 (6268,111,'художественные',170004134),
 (6269,111,'карьера',170004134),
 (6270,156,'корейский',192888577),
 (6271,4364,'week3',135010378),
 (6272,4364,'корейский',135010378),
 (6273,385,'английский',196747649),
 (6274,385,'week4',196747649),
 (6275,236,'week4',197094408),
 (6276,236,'идиш',197094408),
 (6277,236,'иврит',197094408),
 (6278,236,'английский',197094408),
 (6279,676,'week3',186570628),
 (6280,676,'английский',186570628),
 (6281,676,'русский',186570628),
 (6282,676,'венгерский',186570628),
 (6283,71,'week3',184586551),
 (6284,71,'испанский',184586551),
 (6285,71,'русский',184586551),
 (6286,324,'английский',172832130),
 (6287,324,'турецкий',172832130),
 (6288,324,'древнеисландский',172832130),
 (6289,324,'польский',172832130),
 (6290,324,'музыка',172832130),
 (6291,324,'week4',172832130),
 (6292,8,'week4',606409945),
 (6293,8,'немецкий',606409945),
 (6294,254,'week4',196480810),
 (6295,254,'английский',196480810),
 (6296,254,'китайский',196480810),
 (6297,254,'русский',196480810),
 (6298,254,'японский',196480810),
 (6299,650,'week3',117144631),
 (6300,650,'английский',117144631),
 (6301,192,'испанский',183616934),
 (6302,192,'_week2',183616934),
 (6303,174,'week2',140058046),
 (6304,174,'week3',140058046),
 (6305,517,'немецкий',194094922),
 (6306,517,'week4',194094922),
 (6307,4356,'week3',135010378),
 (6308,4356,'корейский',135010378),
 (6309,4356,'английский',135010378),
 (6310,369,'корейский',198935420),
 (6311,35,'week3',186650950),
 (6312,35,'английский',186650950),
 (6313,110,'художественные',170004134),
 (6314,110,'карьера',170004134),
 (6315,189,'китайский',191293542),
 (6316,368,'корейский',198935420),
 (6317,511,'немецкий',194094922),
 (6318,511,'week4',194094922),
 (6319,365,'корейский',198935420),
 (6320,395,'корейский',126560671),
 (6321,56,'корейский',201513094),
 (6322,4347,'week3',135010378),
 (6323,4347,'корейский',135010378),
 (6324,4347,'английский',135010378),
 (6325,363,'корейский',198935420),
 (6326,144,'английский',122632537),
 (6327,154,'корейский',192888577),
 (6328,6,'английский',201579378),
 (6329,6,'японский',201579378),
 (6330,6,'week3',201579378),
 (6331,184,'китайский',191293542),
 (6332,152,'корейский',192888577),
 (6333,2816,'week3',57212002),
 (6334,2816,'корейский',57212002),
 (6335,2816,'английский',57212002),
 (6336,2816,'русский',57212002),
 (6337,186,'испанский',183616934),
 (6338,186,'_week2',183616934),
 (6339,109,'корейский',170004134),
 (6340,109,'художественные',170004134),
 (6341,109,'карьера',170004134),
 (6342,505,'немецкий',194094922),
 (6343,505,'week4',194094922),
 (6344,360,'корейский',198935420),
 (6345,248,'японский',196480810),
 (6346,33,'week3',197237999),
 (6347,33,'английский',197237999),
 (6348,33,'армянский',197237999),
 (6349,33,'русский',197237999),
 (6350,659,'русский',134647678),
 (6351,659,'week3',134647678),
 (6352,4004,'week3',41353389),
 (6353,4004,'корейский',41353389),
 (6354,4004,'английский',41353389),
 (6355,4004,'русский',41353389),
 (6356,320,'week3',172222781),
 (6357,320,'русский',172222781),
 (6358,320,'английский',172222781),
 (6359,106,'корейский',170004134),
 (6360,106,'художественные',170004134),
 (6361,106,'карьера',170004134),
 (6362,176,'китайский',191293542),
 (6363,322,'week3',184930530),
 (6364,322,'русский',184930530),
 (6365,371,'week3',198388526),
 (6366,371,'корейский',198388526),
 (6367,371,'английский',198388526),
 (6368,371,'русский',198388526),
 (6369,10,'week2',201825482),
 (6370,10,'корейский',201825482),
 (6371,10,'английский',201825482),
 (6372,879,'week3',176692851),
 (6373,879,'русский',176692851),
 (6374,879,'английский',176692851),
 (6375,358,'корейский',198935420),
 (6376,245,'китайский',196480810),
 (6377,2029,'week3',175092537),
 (6378,2029,'корейский',175092537),
 (6379,6,'корейский',201601730),
 (6380,6,'русский',201601730),
 (6381,6,'week3',201601730),
 (6382,1767,'русский',79012646),
 (6383,1767,'корейский',79012646),
 (6384,1767,'английский',79012646),
 (6385,1767,'музыка',79012646),
 (6386,1767,'week3',79012646),
 (6387,129,'корейский',199603398),
 (6388,129,'week3',199603398),
 (6389,3202,'русский',188985234),
 (6390,3202,'корейский',188985234),
 (6391,750,'week3',121655298),
 (6392,750,'украинский',121655298),
 (6393,750,'английский',121655298),
 (6394,143,'week3',122632537),
 (6395,143,'корейский',122632537),
 (6396,143,'английский',122632537),
 (6397,76,'week3',136722257),
 (6398,76,'английский',136722257),
 (6399,76,'корейский',136722257),
 (6400,76,'польский',136722257),
 (6401,8,'week3',201610143),
 (6402,382,'английский',196747649),
 (6403,382,'week3',196747649),
 (6404,30,'week3',197779423),
 (6405,30,'английский',197779423),
 (6406,30,'корейский',197779423),
 (6407,1727,'week3',147383910),
 (6408,11,'week3',201536421),
 (6409,11,'корейский',201536421),
 (6410,11,'английский',201536421),
 (6411,11,'китайский',201536421),
 (6412,3419,'итальянский',153698964),
 (6413,3419,'week3',153698964),
 (6414,114,'week3',176088054),
 (6415,114,'корейский',176088054),
 (6416,114,'русский',176088054),
 (6417,114,'английский',176088054),
 (6418,8,'week3',201558580),
 (6419,390,'week3',176274365),
 (6420,390,'немецкий',176274365),
 (6421,716,'японский',135202265),
 (6422,716,'английский',135202265),
 (6423,716,'week3',135202265),
 (6424,30,'week3',201290100),
 (6425,3938,'week3',182087795),
 (6426,3938,'английский',182087795),
 (6427,3938,'корейский',182087795),
 (6428,3938,'русский',182087795),
 (6429,607,'нидерландский',196133581),
 (6430,607,'испанский',196133581),
 (6431,607,'английский',196133581),
 (6432,607,'русский',196133581),
 (6433,863,'week2',188953590),
 (6434,863,'английский',188953590),
 (6435,863,'немецкий',188953590),
 (6436,863,'испанский',188953590),
 (6437,863,'китайский',188953590),
 (6438,12,'week3',201598594),
 (6439,12,'корейский',201598594),
 (6440,12,'японский',201598594),
 (6441,12,'английский',201598594),
 (6442,174,'английский',191293542),
 (6443,174,'китайский',191293542),
 (6444,174,'русский',191293542),
 (6445,174,'week3',191293542),
 (6446,719,'week3',178142840),
 (6447,719,'русский',178142840),
 (6448,719,'английский',178142840),
 (6449,719,'чешский',178142840),
 (6450,1389,'week3',64636104),
 (6451,1389,'польский',64636104),
 (6452,1389,'русский',64636104),
 (6453,1389,'испанский',64636104),
 (6454,230,'week3',197094408),
 (6455,230,'английский',197094408),
 (6456,230,'идиш',197094408),
 (6457,1053,'week3',154690254),
 (6458,1053,'французский',154690254),
 (6459,1053,'русский',154690254),
 (6460,1053,'английский',154690254),
 (6461,659,'week2',190923273),
 (6462,659,'итальянский',190923273),
 (6463,1481,'корейский',189200969),
 (6464,1481,'английский',189200969),
 (6465,1481,'week3',189200969),
 (6466,180,'испанский',183616934),
 (6467,180,'_week1',183616934),
 (6468,400,'week3',157799012),
 (6469,400,'русский',157799012),
 (6470,400,'английский',157799012),
 (6471,400,'французский',157799012),
 (6472,322,'week1',185746785),
 (6473,322,'русский',185746785),
 (6474,322,'татарский',185746785),
 (6475,33,'week3',201524013),
 (6476,33,'испанский',201524013),
 (6477,169,'турецкий',151798666),
 (6478,169,'английский',151798666),
 (6479,169,'week3',151798666),
 (6480,226,'week3',198944960),
 (6481,226,'итальянский',198944960),
 (6482,527,'week3',197598438),
 (6483,527,'корейский',197598438),
 (6484,527,'английский',197598438),
 (6485,527,'русский',197598438),
 (6486,105,'week3',170004134),
 (6487,105,'корейский',170004134),
 (6488,105,'художественные',170004134),
 (6489,105,'карьера',170004134),
 (6490,49,'каталанский',198484748),
 (6491,49,'английский',198484748),
 (6492,49,'week2',198484748),
 (6493,242,'week3',145846646),
 (6494,93,'week3',160116958),
 (6495,93,'английский',160116958),
 (6496,671,'week3',186570628),
 (6497,671,'английский',186570628),
 (6498,671,'русский',186570628),
 (6499,671,'венгерский',186570628),
 (6500,150,'week3',192888577),
 (6501,150,'корейский',192888577),
 (6502,648,'week2',117144631),
 (6503,648,'английский',117144631),
 (6504,94,'week3',116493485),
 (6505,94,'корейский',116493485),
 (6506,197,'корейский',192351766),
 (6507,197,'week3',192351766),
 (6508,7,'week3',606409945),
 (6509,7,'немецкий',606409945),
 (6510,7,'русский',606409945),
 (6511,4336,'week2',135010378),
 (6512,4336,'корейский',135010378),
 (6513,4336,'английский',135010378),
 (6514,2335,'week3',154374270),
 (6515,2335,'русский',154374270),
 (6516,2335,'польский',154374270),
 (6517,2335,'английский',154374270),
 (6518,320,'английский',172832130),
 (6519,320,'турецкий',172832130),
 (6520,320,'польский',172832130),
 (6521,320,'древнеисландский',172832130),
 (6522,320,'музыка',172832130),
 (6523,320,'week3',172832130),
 (6524,244,'week3',196480810),
 (6525,244,'английский',196480810),
 (6526,244,'китайский',196480810),
 (6527,244,'русский',196480810),
 (6528,244,'японский',196480810),
 (6529,70,'week2',184586551),
 (6530,70,'испанский',184586551),
 (6531,70,'русский',184586551),
 (6532,29,'корейский',197779423),
 (6533,28,'корейский',197779423),
 (6534,352,'корейский',198935420),
 (6535,395,'русский',171993067),
 (6536,172,'китайский',191293542),
 (6537,350,'корейский',198935420),
 (6538,34,'week2',186650950),
 (6539,34,'английский',186650950),
 (6540,66,'week3',136722257),
 (6541,6,'week2',201825482),
 (6542,6,'корейский',201825482),
 (6543,6,'английский',201825482),
 (6544,875,'week3',176692851),
 (6545,392,'русский',126560671),
 (6546,392,'week2',126560671),
 (6547,178,'испанский',183616934),
 (6548,178,'_week1',183616934),
 (6549,4319,'week2',135010378),
 (6550,4319,'корейский',135010378),
 (6551,4319,'английский',135010378),
 (6552,171,'китайский',191293542),
 (6553,348,'корейский',198935420),
 (6554,3199,'русский',188985234),
 (6555,3199,'корейский',188985234),
 (6556,1258,'корейский',164710476),
 (6557,1258,'английский',164710476),
 (6558,1258,'week3',164710476),
 (6559,1258,'корейский',164710476),
 (6560,1258,'английский',164710476),
 (6561,1258,'плейлист',164710476),
 (6562,1258,'memrise',164710476),
 (6563,4313,'week2',135010378),
 (6564,4313,'корейский',135010378),
 (6565,4313,'английский',135010378),
 (6566,2811,'корейский',57212002),
 (6567,2811,'корейский_week2',57212002),
 (6568,2811,'английский',57212002),
 (6569,2811,'английский_week2',57212002),
 (6570,2811,'русский',57212002),
 (6571,2811,'русский_week2',57212002),
 (6572,25,'week2',198471639),
 (6573,25,'английский',198471639),
 (6574,25,'японский',198471639),
 (6575,25,'русский',198471639),
 (6576,4305,'week2',135010378),
 (6577,4305,'корейский',135010378),
 (6578,4305,'индонезийский',135010378),
 (6579,4305,'английский',135010378),
 (6580,343,'корейский',198935420),
 (6581,46,'week1',198484748),
 (6582,46,'каталанский',198484748),
 (6583,58,'_week2',197302064),
 (6584,58,'английский',197302064),
 (6585,7,'week2',201610143),
 (6586,3195,'русский',188985234),
 (6587,10,'week2',201536421),
 (6588,10,'корейский',201536421),
 (6589,10,'английский',201536421),
 (6590,10,'китайский',201536421),
 (6591,170,'китайский',191293542),
 (6592,658,'week2',174410986),
 (6593,320,'week2',184930530),
 (6594,320,'русский',184930530),
 (6595,35,'корейский',199009758),
 (6596,35,'week2',199009758),
 (6597,399,'week2',157799012),
 (6598,399,'русский',157799012),
 (6599,399,'китайский',157799012),
 (6600,32,'week2',198716246),
 (6601,32,'корейский',198716246),
 (6602,32,'английский',198716246),
 (6603,33,'week2',201513094),
 (6604,33,'корейский',201513094),
 (6605,5,'английский',201579378),
 (6606,5,'японский',201579378),
 (6607,5,'корейский',201579378),
 (6608,5,'week2',201579378),
 (6609,386,'week2',171993067),
 (6610,386,'русский',171993067),
 (6611,386,'английский',171993067),
 (6612,386,'корейский',171993067),
 (6613,4296,'week2',135010378),
 (6614,4296,'корейский',135010378),
 (6615,4296,'английский',135010378),
 (6616,194,'корейский',192351766),
 (6617,194,'week2',192351766),
 (6618,149,'корейский',192888577),
 (6619,3982,'week1',41353389),
 (6620,3982,'корейский',41353389),
 (6621,3982,'английский',41353389),
 (6622,3982,'русский',41353389),
 (6623,147,'week2',192888577),
 (6624,147,'корейский',192888577),
 (6625,645,'week2',134647678),
 (6626,645,'русский',134647678),
 (6627,645,'немецкий',134647678),
 (6628,784,'week2',184098184),
 (6629,784,'корейский',184098184),
 (6630,784,'русский',184098184),
 (6631,31,'week2',197237999),
 (6632,31,'английский',197237999),
 (6633,31,'армянский',197237999),
 (6634,31,'русский',197237999),
 (6635,726,'week2',189350915),
 (6636,726,'валлийский',189350915),
 (6637,726,'английский',189350915),
 (6638,168,'английский',151798666),
 (6639,168,'week2',151798666),
 (6640,168,'русский',151798666),
 (6641,26,'английский',197779423),
 (6642,3192,'русский',188985234),
 (6643,3192,'корейский',188985234),
 (6644,25,'week2',197779423),
 (6645,25,'английский',197779423),
 (6646,20,'week2',201290100),
 (6647,7,'week2',201558580),
 (6648,7,'белорусский',201558580),
 (6649,7,'японский',201558580),
 (6650,345,'week2',658627),
 (6651,345,'английский',658627),
 (6652,344,'week2',658627),
 (6653,344,'корейский',658627),
 (6654,10,'week2',201598594),
 (6655,10,'корейский',201598594),
 (6656,10,'японский',201598594),
 (6657,10,'английский',201598594),
 (6658,3410,'русский',153698964),
 (6659,3410,'week2',153698964),
 (6660,865,'week2',176692851),
 (6661,865,'русский',176692851),
 (6662,865,'английский',176692851),
 (6663,3877,'week2',182087795),
 (6664,3877,'английский',182087795),
 (6665,3877,'корейский',182087795),
 (6666,3877,'русский',182087795),
 (6667,858,'week1',188953590),
 (6668,858,'английский',188953590),
 (6669,858,'немецкий',188953590),
 (6670,858,'испанский',188953590),
 (6671,858,'китайский',188953590),
 (6672,631,'week2',190923273),
 (6673,631,'итальянский',190923273),
 (6674,113,'week2',176088054),
 (6675,113,'корейский',176088054),
 (6676,113,'русский',176088054),
 (6677,65,'week2',136722257),
 (6678,65,'английский',136722257),
 (6679,65,'корейский',136722257),
 (6680,65,'польский',136722257),
 (6681,517,'week2',197598438),
 (6682,517,'корейский',197598438),
 (6683,517,'английский',197598438),
 (6684,517,'русский',197598438),
 (6685,638,'week1',117144631),
 (6686,638,'китайский',117144631),
 (6687,380,'week2',176274365),
 (6688,380,'немецкий',176274365),
 (6689,375,'английский',196747649),
 (6690,375,'week2',196747649),
 (6691,658,'week2',186570628),
 (6692,658,'английский',186570628),
 (6693,658,'русский',186570628),
 (6694,658,'венгерский',186570628),
 (6695,2713,'week2',100326860),
 (6696,2713,'корейский',100326860),
 (6697,2713,'русский',100326860),
 (6698,747,'week2',121655298),
 (6699,747,'украинский',121655298),
 (6700,747,'русский',121655298),
 (6701,747,'английский',121655298),
 (6702,1457,'корейский',189200969),
 (6703,1457,'английский',189200969),
 (6704,1457,'week2',189200969),
 (6705,167,'английский',191293542),
 (6706,167,'китайский',191293542),
 (6707,167,'week2',191293542),
 (6708,1998,'week2',175092537),
 (6709,1998,'корейский',175092537),
 (6710,1998,'английский',175092537),
 (6711,318,'week2',172222781),
 (6712,318,'русский',172222781),
 (6713,318,'английский',172222781),
 (6714,1381,'week2',64636104),
 (6715,1381,'польский',64636104),
 (6716,1381,'русский',64636104),
 (6717,1381,'испанский',64636104),
 (6718,121,'корейский',199603398),
 (6719,121,'week2',199603398),
 (6720,710,'week2',178142840),
 (6721,710,'русский',178142840),
 (6722,710,'английский',178142840),
 (6723,165,'китайский',191293542),
 (6724,1019,'week2',154690254),
 (6725,1019,'французский',154690254),
 (6726,1019,'русский',154690254),
 (6727,1019,'английский',154690254),
 (6728,1759,'русский',79012646),
 (6729,1759,'корейский',79012646),
 (6730,1759,'английский',79012646),
 (6731,1759,'музыка',79012646),
 (6732,1759,'week2',79012646),
 (6733,1758,'музыка',79012646),
 (6734,87,'week2',160116958),
 (6735,87,'английский',160116958),
 (6736,357,'корейский',198388526),
 (6737,357,'английский',198388526),
 (6738,357,'русский',198388526),
 (6739,357,'week2',198388526),
 (6740,712,'японский',135202265),
 (6741,712,'английский',135202265),
 (6742,712,'week2',135202265),
 (6743,2166,'английский',157827597),
 (6744,2166,'week2',157827597),
 (6745,220,'японский',196480810),
 (6746,241,'week2',145846646),
 (6747,217,'week2',198944960),
 (6748,217,'итальянский',198944960),
 (6749,5,'корейский',201601730),
 (6750,5,'week2',201601730),
 (6751,68,'week1',184586551),
 (6752,68,'испанский',184586551),
 (6753,103,'week2',170004134),
 (6754,103,'корейский',170004134),
 (6755,103,'японский',170004134),
 (6756,103,'художественные',170004134),
 (6757,103,'нонфикшн',170004134),
 (6758,103,'карьера',170004134),
 (6759,318,'английский',172832130),
 (6760,318,'французский',172832130),
 (6761,318,'польский',172832130),
 (6762,318,'турецкий',172832130),
 (6763,318,'музыка',172832130),
 (6764,318,'week2',172832130),
 (6765,27,'week2',201524013),
 (6766,27,'испанский',201524013),
 (6767,6,'week2',606409945),
 (6768,6,'немецкий',606409945),
 (6769,2328,'week2',154374270),
 (6770,2328,'русский',154374270),
 (6771,2328,'польский',154374270),
 (6772,2328,'английский',154374270),
 (6773,1681,'week2',147383910),
 (6774,637,'week1',117144631),
 (6775,637,'английский',117144631),
 (6776,92,'week2',116493485),
 (6777,92,'корейский',116493485),
 (6778,4289,'week2',135010378),
 (6779,4289,'корейский',135010378),
 (6780,4289,'английский',135010378),
 (6781,216,'week2',197094408),
 (6782,216,'иврит',197094408),
 (6783,216,'английский',197094408),
 (6784,334,'корейский',198935420),
 (6785,334,'английский',198935420),
 (6786,334,'русский',198935420),
 (6787,334,'week2',198935420),
 (6788,219,'week2',196480810),
 (6789,219,'английский',196480810),
 (6790,219,'китайский',196480810),
 (6791,219,'русский',196480810),
 (6792,219,'японский',196480810),
 (6793,190,'корейский',192351766),
 (6794,333,'корейский',198935420),
 (6795,26,'корейский',201513094),
 (6796,498,'немецкий',194094922),
 (6797,498,'week2',194094922),
 (6798,331,'корейский',198935420),
 (6799,214,'японский',196480810),
 (6800,138,'английский',199083318),
 (6801,610,'week2',190923273),
 (6802,610,'итальянский',190923273),
 (6803,31,'корейский',201617494),
 (6804,31,'week2',201617494),
 (6805,495,'немецкий',194094922),
 (6806,495,'week2',194094922),
 (6807,24,'корейский',201513094),
 (6808,4254,'week2',135010378),
 (6809,4254,'корейский',135010378),
 (6810,4254,'английский',135010378),
 (6811,2,'week1',201825482),
 (6812,2,'корейский',201825482),
 (6813,2,'английский',201825482),
 (6814,4253,'week2',135010378),
 (6815,4253,'корейский',135010378),
 (6816,22,'корейский',201513094),
 (6817,325,'корейский',198935420),
 (6818,92,'английский',188353878),
 (6819,92,'week2',188353878),
 (6820,1249,'корейский',164710476),
 (6821,1249,'русский',164710476),
 (6822,1249,'английский',164710476),
 (6823,1249,'week2',164710476),
 (6824,1249,'корейский',164710476),
 (6825,1249,'русский',164710476),
 (6826,1249,'английский',164710476),
 (6827,4247,'week2',135010378),
 (6828,4247,'корейский',135010378),
 (6829,4247,'английский',135010378),
 (6830,323,'корейский',198935420),
 (6831,22,'week1',198471639),
 (6832,22,'английский',198471639),
 (6833,22,'японский',198471639),
 (6834,22,'русский',198471639),
 (6835,26,'корейский',201617494),
 (6836,26,'week2',201617494),
 (6837,4242,'week2',135010378),
 (6838,4242,'корейский',135010378),
 (6839,4242,'индонезийский',135010378),
 (6840,4242,'английский',135010378),
 (6841,321,'корейский',198935420),
 (6842,126,'корейский',122632537),
 (6843,15,'корейский',201513094),
 (6844,1743,'музыка',79012646),
 (6845,488,'немецкий',194094922),
 (6846,488,'week2',194094922),
 (6847,3455,'week2',181195799),
 (6848,3455,'японский',181195799),
 (6849,3455,'корейский',181195799),
 (6850,3455,'английский',181195799),
 (6851,3455,'русский',181195799),
 (6852,487,'чешский',194094922),
 (6853,487,'week1',194094922),
 (6854,486,'немецкий',194094922),
 (6855,486,'week1',194094922),
 (6856,4,'русский',201522682),
 (6857,4,'РЖЯ',201522682),
 (6858,5,'week1',201610143),
 (6859,25,'корейский',201617494),
 (6860,25,'week2',201617494),
 (6861,390,'week1',126560671),
 (6862,390,'английский',126560671),
 (6863,390,'русский',126560671),
 (6864,390,'корейский',126560671),
 (6865,650,'корейский',188100367),
 (6866,650,'английский',188100367),
 (6867,650,'русский',188100367),
 (6868,650,'week1',188100367),
 (6869,650,'week2',188100367),
 (6870,319,'week1',184930530),
 (6871,319,'русский',184930530),
 (6872,319,'английский',184930530),
 (6873,319,'английский',184930530),
 (6874,638,'week1_day7',170751728),
 (6875,638,'английский',170751728),
 (6876,4233,'week2',135010378),
 (6877,4233,'корейский',135010378),
 (6878,4233,'японский',135010378),
 (6879,4233,'индонезийский',135010378),
 (6880,4233,'английский',135010378),
 (6881,4233,'немецкий',135010378),
 (6882,28,'week1',197237999),
 (6883,28,'английский',197237999),
 (6884,28,'корейский',197237999),
 (6885,28,'армянский',197237999),
 (6886,28,'русский',197237999),
 (6887,311,'корейский',198935420),
 (6888,769,'week1',184098184),
 (6889,769,'корейский',184098184),
 (6890,769,'русский',184098184),
 (6891,368,'английский',196747649),
 (6892,368,'week1',196747649),
 (6893,7,'week1',201598594),
 (6894,7,'корейский',201598594),
 (6895,7,'японский',201598594),
 (6896,7,'английский',201598594),
 (6897,123,'week1',122632537),
 (6898,123,'корейский',122632537),
 (6899,123,'английский',122632537),
 (6900,80,'английский',188353878),
 (6901,3,'английский',201579378),
 (6902,3,'японский',201579378),
 (6903,3,'week1',201579378),
 (6904,395,'week1',157799012),
 (6905,395,'русский',157799012),
 (6906,395,'английский',157799012),
 (6907,593,'week1',190923273),
 (6908,593,'итальянский',190923273),
 (6909,33,'корейский',199009758),
 (6910,33,'week1',199009758),
 (6911,12,'week1',201290100),
 (6912,31,'корейский',199009758),
 (6913,637,'week1_day3',170751728),
 (6914,637,'английский',170751728),
 (6915,637,'немецкий',170751728),
 (6916,637,'итальянский',170751728),
 (6917,3403,'русский',153698964),
 (6918,3403,'week1',153698964),
 (6919,151,'английский',191293542),
 (6920,151,'китайский',191293542),
 (6921,151,'week1',191293542),
 (6922,6,'week1',201558580),
 (6923,6,'белорусский',201558580),
 (6924,6,'японский',201558580),
 (6925,184,'week1',192351766),
 (6926,184,'корейский',192351766),
 (6927,987,'week1',154690254),
 (6928,987,'французский',154690254),
 (6929,987,'русский',154690254),
 (6930,112,'week1',176088054),
 (6931,112,'корейский',176088054),
 (6932,631,'немецкий',134647678),
 (6933,631,'русский',134647678),
 (6934,631,'week1',134647678),
 (6935,856,'week1',188953590),
 (6936,856,'английский',188953590),
 (6937,856,'немецкий',188953590),
 (6938,856,'испанский',188953590),
 (6939,856,'китайский',188953590),
 (6940,856,'корейский',188953590),
 (6941,1578,'week1',102738401),
 (6942,1578,'финский',102738401),
 (6943,1578,'французский',102738401),
 (6944,815,'week1',176692851),
 (6945,815,'русский',176692851),
 (6946,815,'английский',176692851),
 (6947,33,'week1',186650950),
 (6948,33,'английский',186650950),
 (6949,23,'week1',201524013),
 (6950,23,'испанский',201524013),
 (6951,12,'week1',201508629),
 (6952,12,'японский',201508629),
 (6953,12,'корейский',201508629),
 (6954,12,'английский',201508629),
 (6955,12,'русский',201508629),
 (6956,3958,'week1',41353389),
 (6957,3958,'корейский',41353389),
 (6958,3958,'английский',41353389),
 (6959,3958,'русский',41353389),
 (6960,723,'week1',189350915),
 (6961,723,'валлийский',189350915),
 (6962,723,'английский',189350915),
 (6963,366,'week1',176274365),
 (6964,366,'немецкий',176274365),
 (6965,741,'week1',121655298),
 (6966,741,'украинский',121655298),
 (6967,741,'русский',121655298),
 (6968,7,'week1',201536421),
 (6969,7,'китайский',201536421),
 (6970,1379,'week1',64636104),
 (6971,1379,'польский',64636104),
 (6972,1379,'русский',64636104),
 (6973,355,'корейский',198388526),
 (6974,355,'английский',198388526),
 (6975,355,'русский',198388526),
 (6976,355,'week1',198388526),
 (6977,370,'week1',171993067),
 (6978,370,'русский',171993067),
 (6979,370,'английский',171993067),
 (6980,370,'корейский',171993067),
 (6981,1978,'week1',175092537),
 (6982,1978,'корейский',175092537),
 (6983,1978,'английский',175092537),
 (6984,133,'week1',199083318),
 (6985,133,'немецкий',199083318),
 (6986,3852,'week1',182087795),
 (6987,3852,'английский',182087795),
 (6988,3852,'корейский',182087795),
 (6989,3852,'русский',182087795),
 (6990,1435,'week1',189200969),
 (6991,1435,'русский',189200969),
 (6992,1435,'английский',189200969),
 (6993,1435,'корейский',189200969),
 (6994,10,'week1',201513094),
 (6995,10,'корейский',201513094),
 (6996,511,'week1',197598438),
 (6997,511,'корейский',197598438),
 (6998,511,'английский',197598438),
 (6999,511,'русский',197598438),
 (7000,312,'week1',172222781),
 (7001,312,'русский',172222781),
 (7002,312,'английский',172222781),
 (7003,312,'японский',172222781),
 (7004,312,'корейский',172222781),
 (7005,27,'week1',198496465),
 (7006,27,'английский',198496465),
 (7007,27,'русский',198496465),
 (7008,27,'китайский',198496465),
 (7009,64,'английский',136722257),
 (7010,64,'корейский',136722257),
 (7011,64,'польский',136722257),
 (7012,64,'week1',136722257),
 (7013,6,'week1',201536421),
 (7014,6,'английский',201536421),
 (7015,5,'week1',201536421),
 (7016,5,'корейский',201536421),
 (7017,113,'week1',193128098),
 (7018,113,'корейский',193128098),
 (7019,113,'немецкий',193128098),
 (7020,113,'английский',193128098),
 (7021,113,'русский',193128098),
 (7022,22,'корейский',201335580),
 (7023,31,'week1',198716246),
 (7024,31,'корейский',198716246),
 (7025,31,'английский',198716246),
 (7026,82,'week1',160116958),
 (7027,82,'английский',160116958),
 (7028,89,'корейский',199603398),
 (7029,89,'японский',199603398),
 (7030,89,'английский',199603398),
 (7031,89,'week1',199603398),
 (7032,24,'корейский',201617494),
 (7033,24,'week1',201617494),
 (7034,772,'week1',160292482),
 (7035,772,'корейский',160292482),
 (7036,772,'китайский',160292482),
 (7037,772,'английский',160292482),
 (7038,772,'японский',160292482),
 (7039,710,'японский',135202265),
 (7040,710,'английский',135202265),
 (7041,710,'русский',135202265),
 (7042,710,'week1',135202265),
 (7043,207,'week1',198944960),
 (7044,207,'итальянский',198944960),
 (7045,91,'week1',116493485),
 (7046,91,'корейский',116493485),
 (7047,314,'английский',172832130),
 (7048,314,'французский',172832130),
 (7049,314,'турецкий',172832130),
 (7050,314,'древнеисландский',172832130),
 (7051,314,'английский',172832130),
 (7052,314,'музыка',172832130),
 (7053,314,'week1',172832130),
 (7054,2314,'week1',154374270),
 (7055,2314,'польский',154374270),
 (7056,2314,'русский',154374270),
 (7057,2314,'английский',154374270),
 (7058,305,'корейский',198935420),
 (7059,305,'английский',198935420),
 (7060,305,'русский',198935420),
 (7061,305,'week1',198935420),
 (7062,240,'week1',145846646),
 (7063,693,'week1',178142840),
 (7064,693,'русский',178142840),
 (7065,693,'чешский',178142840),
 (7066,1666,'week1',147383910),
 (7067,1739,'week1',79012646),
 (7068,1739,'русский',79012646),
 (7069,1739,'корейский',79012646),
 (7070,1739,'английский',79012646),
 (7071,2,'корейский',201601730),
 (7072,2,'русский',201601730),
 (7073,2,'week1',201601730),
 (7074,650,'week1',186570628),
 (7075,650,'английский',186570628),
 (7076,650,'русский',186570628),
 (7077,650,'венгерский',186570628),
 (7078,1419,'week1',52499663),
 (7079,1419,'корейский',52499663),
 (7080,90,'week1',170004134),
 (7081,90,'comics',170004134),
 (7082,90,'корейский',170004134),
 (7083,4221,'week1',135010378),
 (7084,4221,'корейский',135010378),
 (7085,4221,'английский',135010378),
 (7086,209,'week1',197094408),
 (7087,209,'иврит',197094408),
 (7088,209,'идиш',197094408),
 (7089,209,'английский',197094408),
 (7090,209,'французский',197094408),
 (7091,5,'week1',606409945),
 (7092,5,'корейский',606409945),
 (7093,5,'немецкий',606409945),
 (7094,302,'корейский',198935420),
 (7095,210,'week1',196480810),
 (7096,210,'английский',196480810),
 (7097,210,'китайский',196480810),
 (7098,210,'русский',196480810),
 (7099,210,'японский',196480810),
 (7100,129,'week1',199083318),
 (7101,129,'русский',199083318),
 (7102,51,'английский',197302064),
 (7103,51,'week1',197302064),
 (7104,21,'корейский',201617494),
 (7105,21,'week1',201617494),
 (7106,21,'русский',201617494),
 (7107,709,'японский',135202265),
 (7108,976,'week1',154690254),
 (7109,976,'французский',154690254),
 (7110,166,'английский',151798666),
 (7111,166,'week1',151798666),
 (7112,89,'корейский',170004134),
 (7113,89,'японский',170004134),
 (7114,89,'немецкий',170004134),
 (7115,89,'художественные',170004134),
 (7116,89,'карьера',170004134),
 (7117,89,'нонфикшн',170004134),
 (7118,2158,'week1',157827597),
 (7119,2158,'русский',157827597),
 (7120,2158,'английский',157827597),
 (7121,145,'корейский',192888577),
 (7122,69,'английский',188353878),
 (7123,69,'week1',188353878),
 (7124,204,'итальянский',198944960),
 (7125,4210,'week1',135010378),
 (7126,4210,'корейский',135010378),
 (7127,4210,'японский',135010378),
 (7128,4210,'индонезийский',135010378),
 (7129,4210,'английский',135010378),
 (7130,142,'корейский',192888577),
 (7131,300,'корейский',198935420),
 (7132,203,'английский',196480810),
 (7133,119,'английский',122632537),
 (7134,299,'корейский',198935420),
 (7135,29,'корейский',199009758),
 (7136,203,'итальянский',198944960),
 (7137,202,'китайский',196480810),
 (7138,20,'корейский',201617494),
 (7139,20,'week1',201617494),
 (7140,4199,'week1',135010378),
 (7141,4199,'корейский',135010378),
 (7142,4199,'японский',135010378),
 (7143,4199,'индонезийский',135010378),
 (7144,4199,'английский',135010378),
 (7145,4199,'немецкий',135010378),
 (7146,294,'корейский',198935420),
 (7147,88,'корейский',199603398),
 (7148,478,'немецкий',194094922),
 (7149,478,'week1',194094922),
 (7150,389,'английский',126560671),
 (7151,389,'русский',126560671),
 (7152,389,'корейский',126560671),
 (7153,26,'корейский',197237999),
 (7154,26,'английский',197237999),
 (7155,26,'армянский',197237999),
 (7156,26,'русский',197237999),
 (7157,961,'week1',154690254),
 (7158,961,'французский',154690254),
 (7159,18,'корейский',201335580),
 (7160,292,'корейский',198935420),
 (7161,1736,'корейский',79012646),
 (7162,1736,'английский',79012646),
 (7163,7,'английский',201508629),
 (7164,135,'корейский',200234031),
 (7165,4195,'week1',135010378),
 (7166,4195,'корейский',135010378),
 (7167,4195,'японский',135010378),
 (7168,4195,'индонезийский',135010378),
 (7169,4195,'английский',135010378),
 (7170,351,'корейский',198388526),
 (7171,351,'английский',198388526),
 (7172,351,'русский',198388526),
 (7173,139,'корейский',192888577),
 (7174,139,'русский',192888577),
 (7175,138,'корейский',192888577),
 (7176,165,'английский',151798666),
 (7177,68,'английский',188353878),
 (7178,164,'английский',151798666),
 (7179,25,'английский',197237999),
 (7180,1734,'английский',79012646),
 (7181,17,'корейский',201335580),
 (7182,28,'корейский',199009758),
 (7183,309,'русский',172222781),
 (7184,289,'корейский',198935420),
 (7185,16,'корейский',201335580),
 (7186,1229,'корейский',164710476),
 (7187,1229,'русский',164710476),
 (7188,1229,'английский',164710476),
 (7189,1229,'корейский',164710476),
 (7190,1229,'русский',164710476),
 (7191,1229,'английский',164710476),
 (7192,195,'итальянский',198944960),
 (7193,15,'корейский',201617494),
 (7194,15,'week1',201617494),
 (7195,15,'русский',201617494),
 (7196,7,'корейский',201513094),
 (7197,14,'русский',201617494),
 (7198,633,'week1_day2',170751728),
 (7199,633,'английский',170751728),
 (7200,633,'немецкий',170751728),
 (7201,633,'итальянский',170751728),
 (7202,25,'корейский',199009758),
 (7203,14,'корейский',201335580),
 (7204,1733,'английский',79012646),
 (7205,1733,'русский',79012646),
 (7206,13,'корейский',201335580),
 (7207,301,'русский',172222781),
 (7208,301,'японский',172222781),
 (7209,63,'корейский',136722257),
 (7210,49,'английский',188353878),
 (7211,10,'корейский',201617494),
 (7212,10,'week1',201617494),
 (7213,4184,'week1',135010378),
 (7214,4184,'корейский',135010378),
 (7215,4184,'японский',135010378),
 (7216,4184,'индонезийский',135010378),
 (7217,4184,'английский',135010378),
 (7218,4184,'немецкий',135010378),
 (7219,163,'английский',151798666),
 (7220,200,'китайский',196480810),
 (7221,281,'корейский',198935420),
 (7222,348,'корейский',198388526),
 (7223,20,'английский',198471639),
 (7224,20,'японский',198471639),
 (7225,20,'русский',198471639),
 (7226,80,'корейский',199603398),
 (7227,118,'корейский',122632537),
 (7228,118,'английский',122632537),
 (7229,23,'корейский',199009758),
 (7230,59,'корейский',136722257),
 (7231,24,'корейский',197237999),
 (7232,24,'английский',197237999),
 (7233,24,'армянский',197237999),
 (7234,738,'украинский',121655298),
 (7235,142,'английский',191293542),
 (7236,361,'русский',171993067),
 (7237,361,'английский',171993067),
 (7238,361,'корейский',171993067),
 (7239,161,'английский',151798666),
 (7240,161,'турецкий',151798666),
 (7241,1732,'корейский',79012646),
 (7242,1732,'английский',79012646),
 (7243,1732,'русский',79012646),
 (7244,629,'week1_day1',170751728),
 (7245,629,'английский',170751728),
 (7246,629,'немецкий',170751728),
 (7247,629,'итальянский',170751728),
 (7248,114,'русский',191643907),
 (7249,12,'английский',197237999),
 (7250,12,'корейский',197237999),
 (7251,12,'русский',197237999),
 (7252,12,'армянский',197237999),
 (7253,341,'корейский',198388526),
 (7254,341,'английский',198388526),
 (7255,341,'русский',198388526),
 (7256,276,'корейский',198935420),
 (7257,131,'корейский',200234031),
 (7258,339,'корейский',198388526),
 (7259,498,'корейский',197598438),
 (7260,4178,'week1',135010378),
 (7261,4178,'корейский',135010378),
 (7262,4178,'японский',135010378),
 (7263,4178,'индонезийский',135010378),
 (7264,4178,'английский',135010378),
 (7265,4178,'немецкий',135010378),
 (7266,161,'английский',128273158),
 (7267,161,'китайский',128273158),
 (7268,161,'хинди',128273158),
 (7269,161,'русский',128273158),
 (7270,2712,'корейский',100326860),
 (7271,2712,'английский',100326860),
 (7272,2712,'русский',100326860),
 (7273,5,'week1',201558580),
 (7274,5,'белорусский',201558580),
 (7275,5,'японский',201558580),
 (7276,51,'китайский',199035145),
 (7277,51,'английский',199035145),
 (7278,21,'английский',198496465),
 (7279,21,'китайский',198496465),
 (7280,21,'русский',198496465),
 (7281,647,'корейский',188100367),
 (7282,647,'английский',188100367),
 (7283,291,'японский',172222781),
 (7284,291,'английский',172222781),
 (7285,291,'корейский',172222781),
 (7286,291,'русский',172222781),
 (7287,356,'английский',196747649),
 (7288,194,'иврит',197094408),
 (7289,194,'идиш',197094408),
 (7290,194,'английский',197094408),
 (7291,194,'немецкий',197094408),
 (7292,194,'английский',197094408),
 (7293,339,'week0',196746460),
 (7294,339,'немецкий',196746460),
 (7295,610,'week0',170751728),
 (7296,610,'английский',170751728),
 (7297,610,'итальянский',170751728),
 (7298,610,'немецкий',170751728),
 (7299,843,'week0',188953590),
 (7300,843,'английский',188953590),
 (7301,843,'немецкий',188953590),
 (7302,843,'испанский',188953590),
 (7303,843,'китайский',188953590),
 (7304,843,'корейский',188953590),
 (7305,189,'итальянский',198944960),
 (7306,6,'испанский',201524013),
 (7307,5,'испанский',201524013),
 (7308,1377,'корейский',189200969),
 (7309,1377,'английский',189200969),
 (7310,1377,'русский',189200969),
 (7311,58,'английский',136722257),
 (7312,58,'корейский',136722257),
 (7313,58,'польский',136722257),
 (7314,494,'корейский',197598438),
 (7315,494,'английский',197598438),
 (7316,494,'русский',197598438),
 (7317,603,'английский',134647678),
 (7318,603,'немецкий',134647678),
 (7319,603,'русский',134647678),
 (7320,39,'корейский',200721474),
 (7321,39,'английский',200721474),
 (7322,39,'русский',200721474),
 (7323,72,'корейский',199603398),
 (7324,1966,'корейский',175092537),
 (7325,1966,'английский',175092537),
 (7326,1966,'русский',175092537),
 (7327,4165,'корейский',135010378),
 (7328,4165,'тайский',135010378),
 (7329,4165,'японский',135010378),
 (7330,4165,'индонезийский',135010378),
 (7331,4165,'английский',135010378),
 (7332,4165,'немецкий',135010378),
 (7333,62,'английский',198525192),
 (7334,62,'немецкий',198525192),
 (7335,62,'русский',198525192),
 (7336,4,'японский',201508629),
 (7337,4,'корейский',201508629),
 (7338,4,'английский',201508629),
 (7339,4,'русский',201508629),
 (7340,3822,'английский',182087795),
 (7341,3822,'корейский',182087795),
 (7342,3822,'русский',182087795),
 (7343,316,'корейский',198388526),
 (7344,316,'английский',198388526),
 (7345,316,'русский',198388526),
 (7346,146,'корейский',191831148),
 (7347,146,'английский',191831148),
 (7348,146,'русский',191831148),
 (7349,2782,'английский',57212002),
 (7350,2781,'корейский',57212002),
 (7351,9681,'корейский',166228260);
COMMIT;
